"Treatment","Hardpan_Class","Sampling_Phase","Depth","n","mean","sd","se"
"U-FIELD","H1","BASELINE","0-15",22,49.9470722727273,5.33011334928182,1.13638398432349
"S-VR","H1","BASELINE","0-15",22,50.0191915909091,4.41640470809992,0.941580647483193
"H-VR","H1","BASELINE","0-15",22,47.0821813636364,3.91482598550026,0.834643704516214
"U-FIELD","H2","BASELINE","0-15",22,47.2704593181818,3.92636386999694,0.837103589756135
"S-VR","H2","BASELINE","0-15",22,46.7243352272727,4.74084225575113,1.01075096505509
"H-VR","H2","BASELINE","0-15",22,47.0473888636364,3.77126798049312,0.80403703501011
"U-FIELD","H3","BASELINE","0-15",22,43.7690659090909,4.76048849750553,1.01493955787082
"S-VR","H3","BASELINE","0-15",22,44.5828029545455,4.38500781323777,0.934886807007242
"H-VR","H3","BASELINE","0-15",22,46.55055,4.18030925550029,0.891244927860651
"U-FIELD","H1","POST_LEACHING","0-15",22,29.4464843181818,2.87234648265445,0.612386327723446
"S-VR","H1","POST_LEACHING","0-15",22,29.1112213636364,2.28408207692582,0.486967935015595
"H-VR","H1","POST_LEACHING","0-15",22,26.8981118181818,2.78542583992259,0.593854784426923
"U-FIELD","H2","POST_LEACHING","0-15",22,27.6609565909091,2.62355537100324,0.559343884496501
"S-VR","H2","POST_LEACHING","0-15",22,29.0975659090909,3.00020446751497,0.639645741687493
"H-VR","H2","POST_LEACHING","0-15",22,29.5528588636364,2.72416811942521,0.580794594534571
"U-FIELD","H3","POST_LEACHING","0-15",22,25.47471,2.55354821816624,0.544418309361636
"S-VR","H3","POST_LEACHING","0-15",22,30.4099452272727,3.25250611320075,0.693436633285403
"H-VR","H3","POST_LEACHING","0-15",22,32.2886590909091,3.08794802410638,0.658352730808371
"U-FIELD","H1","BASELINE","15-30",22,41.5756472727273,4.29379235020571,0.915439604946097
"S-VR","H1","BASELINE","15-30",22,42.8762979545455,4.57888812628746,0.976222228636686
"H-VR","H1","BASELINE","15-30",22,42.63522,4.14644249281753,0.884024509796041
"U-FIELD","H2","BASELINE","15-30",22,40.5937213636364,4.37302955471762,0.932333033710052
"S-VR","H2","BASELINE","15-30",22,40.8271336363636,2.77423387248203,0.591468648951167
"H-VR","H2","BASELINE","15-30",22,40.8240484090909,4.37945401111404,0.933702732415964
"U-FIELD","H3","BASELINE","15-30",22,39.7627793181818,3.10946293430282,0.662939725074579
"S-VR","H3","BASELINE","15-30",22,38.8773995454546,4.16254700858538,0.887458004094307
"H-VR","H3","BASELINE","15-30",22,38.3594127272727,3.95891694792899,0.844043929290827
"U-FIELD","H1","POST_LEACHING","15-30",22,24.3203215909091,2.60755399843526,0.555932380402333
"S-VR","H1","POST_LEACHING","15-30",22,24.9954961363636,3.26217187928202,0.695497381538055
"H-VR","H1","POST_LEACHING","15-30",22,24.4166154545455,2.44167423060729,0.520566695072508
"U-FIELD","H2","POST_LEACHING","15-30",22,23.8534227272727,2.54153382814522,0.541856832802578
"S-VR","H2","POST_LEACHING","15-30",22,25.1716315909091,2.12596680295913,0.453257645339133
"H-VR","H2","POST_LEACHING","15-30",22,25.4769811363636,2.85386173746955,0.608445366808374
"U-FIELD","H3","POST_LEACHING","15-30",22,23.2862345454545,1.83639813105445,0.391521397054912
"S-VR","H3","POST_LEACHING","15-30",22,26.5568352272727,2.95530147015635,0.630072390484122
"H-VR","H3","POST_LEACHING","15-30",22,26.7392352272727,2.7343897288807,0.582973848992789
"U-FIELD","H1","BASELINE","30-60",22,64.8427690909091,6.78716722980032,1.44702891541875
"S-VR","H1","BASELINE","30-60",22,63.904305,5.71770669680036,1.21901916366911
"H-VR","H1","BASELINE","30-60",22,63.1855022727273,8.39603670430618,1.79004103990608
"U-FIELD","H2","BASELINE","30-60",22,62.3989745454545,6.74095774085957,1.43717701927416
"S-VR","H2","BASELINE","30-60",22,64.3494436363636,7.80137175883132,1.66325804753927
"H-VR","H2","BASELINE","30-60",22,60.2450645454545,5.61761051401982,1.19767858579583
"U-FIELD","H3","BASELINE","30-60",22,56.9541968181818,5.27487076682804,1.12460622617101
"S-VR","H3","BASELINE","30-60",22,57.6756722727273,5.47689168169834,1.16767722994017
"H-VR","H3","BASELINE","30-60",22,59.8591445454545,6.09487756771187,1.29943226353591
"U-FIELD","H1","POST_LEACHING","30-60",22,43.4269186363636,4.82131633795002,1.02790809702795
"S-VR","H1","POST_LEACHING","30-60",22,42.2240563636364,3.69734270426046,0.78827611316052
"H-VR","H1","POST_LEACHING","30-60",22,41.7495381818182,5.78849318885456,1.23411089448336
"U-FIELD","H2","POST_LEACHING","30-60",22,42.1481236363636,4.64425624290964,0.990158757927352
"S-VR","H2","POST_LEACHING","30-60",22,44.4196172727273,5.70482183023581,1.2162721008874
"H-VR","H2","POST_LEACHING","30-60",22,42.1385672727273,4.09586632741816,0.873241635102375
"U-FIELD","H3","POST_LEACHING","30-60",22,38.2072813636364,3.5959236642042,0.766653501168427
"S-VR","H3","POST_LEACHING","30-60",22,41.9028654545455,4.40842279102794,0.939878897045556
"H-VR","H3","POST_LEACHING","30-60",22,44.5151809090909,4.39532347562932,0.937086113618802
"U-FIELD","H1","BASELINE","60-90",22,41.0911145454545,3.3050421850081,0.704637361429239
"S-VR","H1","BASELINE","60-90",22,42.370275,3.38210744903339,0.721067730925565
"H-VR","H1","BASELINE","60-90",22,41.3218063636364,3.88908705550428,0.829156146202843
"U-FIELD","H2","BASELINE","60-90",22,40.1267986363636,3.85691233828835,0.822296473443869
"S-VR","H2","BASELINE","60-90",22,40.2341427272727,4.70453780651869,1.00301083047184
"H-VR","H2","BASELINE","60-90",22,38.6421368181818,4.63047631177181,0.987220866737435
"U-FIELD","H3","BASELINE","60-90",22,38.9903522727273,5.1369274321746,1.09519660840641
"S-VR","H3","BASELINE","60-90",22,40.5693259090909,4.61790994763985,0.984541708902515
"H-VR","H3","BASELINE","60-90",22,38.2079468181818,5.19232864690592,1.1070081870741
"U-FIELD","H1","POST_LEACHING","60-90",22,50.0800363636364,3.38247114308536,0.72114527075798
"S-VR","H1","POST_LEACHING","60-90",22,51.5115040909091,3.48106740205557,0.742166063800411
"H-VR","H1","POST_LEACHING","60-90",22,51.02553,4.18224497232903,0.891657624075199
"U-FIELD","H2","POST_LEACHING","60-90",22,54.1620381818182,4.25035001404605,0.906177667756697
"S-VR","H2","POST_LEACHING","60-90",22,51.9391990909091,5.10928123092709,1.08930241849593
"H-VR","H2","POST_LEACHING","60-90",22,50.1698318181818,5.06337200622145,1.07951453890136
"U-FIELD","H3","POST_LEACHING","60-90",22,57.6501777272727,5.50996390215808,1.17472825103366
"S-VR","H3","POST_LEACHING","60-90",22,52.0339990909091,5.16824820260802,1.10187421909963
"H-VR","H3","POST_LEACHING","60-90",22,47.8117254545455,5.64570312796735,1.20366795121375
"U-FIELD","H1","BASELINE","90-120",22,29.0345195454545,3.16387689895148,0.674540821317423
"S-VR","H1","BASELINE","90-120",22,30.7452327272727,2.6675831206154,0.568730632253338
"H-VR","H1","BASELINE","90-120",22,30.7289059090909,3.35533648352202,0.715360141901009
"U-FIELD","H2","BASELINE","90-120",22,29.1961309090909,2.83715032382664,0.604882481448392
"S-VR","H2","BASELINE","90-120",22,28.2235759090909,3.28172237458967,0.699665561142753
"H-VR","H2","BASELINE","90-120",22,28.5169213636364,3.04626847060668,0.649466620144853
"U-FIELD","H3","BASELINE","90-120",22,27.7794640909091,2.48624720601085,0.530069685358648
"S-VR","H3","BASELINE","90-120",22,28.3722177272727,2.85428570487047,0.608535756961963
"H-VR","H3","BASELINE","90-120",22,26.8294459090909,3.68838335447112,0.786365973367352
"U-FIELD","H1","POST_LEACHING","90-120",22,35.5122422727273,3.16012160633542,0.673740190241553
"S-VR","H1","POST_LEACHING","90-120",22,37.5633504545455,2.81251401120146,0.599630001948343
"H-VR","H1","POST_LEACHING","90-120",22,37.5934077272727,3.50036108555747,0.746279490944155
"U-FIELD","H2","POST_LEACHING","90-120",22,39.3451745454545,3.086927179547,0.658135086017024
"S-VR","H2","POST_LEACHING","90-120",22,36.8029472727273,3.3597626475466,0.716303803241758
"H-VR","H2","POST_LEACHING","90-120",22,36.9317904545455,3.36135081440338,0.716642401553315
"U-FIELD","H3","POST_LEACHING","90-120",22,41.2991154545455,2.27814727841921,0.485702631722559
"S-VR","H3","POST_LEACHING","90-120",22,36.4709754545455,2.83978266730753,0.605443698964211
"H-VR","H3","POST_LEACHING","90-120",22,33.7167913636364,3.77309221387987,0.804425962874965
