"Treatment","Hardpan_Class","Depth","emmean","SE","df","lower.CL","upper.CL"
"U-FIELD","H1","0-15",-3.41318181818218,0.0525116707340433,301.598265198868,-3.51651747517178,-3.30984616119257
"S-VR","H1","0-15",-3.51954545454546,0.0525116707340405,301.598266595384,-3.62288111153313,-3.41620979755779
"H-VR","H1","0-15",-3.65136363636361,0.0525116707340405,301.59826658385,-3.7546992933513,-3.54802797937593
"U-FIELD","H2","0-15",-3.16863636363638,0.0525116707340404,301.598266725857,-3.27197202062387,-3.06530070664889
"S-VR","H2","0-15",-2.81590909090909,0.0525116707340408,301.598266298909,-2.91924474789718,-2.71257343392101
"H-VR","H2","0-15",-2.96409090909091,0.0525116707340408,301.598266291034,-3.067426566079,-2.86075525210282
"U-FIELD","H3","0-15",-3.04363636363637,0.0525116707340408,301.598266339693,-3.14697202062439,-2.94030070664834
"S-VR","H3","0-15",-2.04818181818182,0.0525116707340408,301.598266287522,-2.15151747516992,-1.94484616119373
"H-VR","H3","0-15",-2.03136363636365,0.0525116707340408,301.598266315329,-2.13469929335171,-1.92802797937559
"U-FIELD","H1","15-30",-3.04090909090946,0.0525116707340432,301.598265192912,-3.14424474789907,-2.93757343391985
"S-VR","H1","15-30",-3.09181818181818,0.0525116707340405,301.598266589394,-3.19515383880586,-2.9884825248305
"H-VR","H1","15-30",-3.32999999999998,0.0525116707340405,301.598266577919,-3.43333565698767,-3.22666434301228
"U-FIELD","H2","15-30",-2.84818181818184,0.0525116707340404,301.598266719927,-2.95151747516933,-2.74484616119434
"S-VR","H2","15-30",-2.53227272727273,0.0525116707340408,301.598266292945,-2.63560838426082,-2.42893707028464
"H-VR","H2","15-30",-2.62863636363637,0.0525116707340408,301.598266285058,-2.73197202062447,-2.52530070664827
"U-FIELD","H3","15-30",-2.71318181818182,0.0525116707340408,301.598266333741,-2.81651747516985,-2.60984616119379
"S-VR","H3","15-30",-1.82136363636364,0.0525116707340408,301.59826628156,-1.92469929335175,-1.71802797937554
"H-VR","H3","15-30",-1.77772727272728,0.0525116707340408,301.598266309271,-1.88106292971535,-1.67439161573922
"U-FIELD","H1","30-60",-2.62136363636401,0.0525116707340433,301.598265197378,-2.72469929335362,-2.51802797937441
"S-VR","H1","30-60",-2.66818181818182,0.0525116707340405,301.598266593824,-2.77151747516949,-2.56484616119415
"H-VR","H1","30-60",-2.87318181818179,0.0525116707340405,301.598266582359,-2.97651747516948,-2.76984616119411
"U-FIELD","H2","30-60",-2.37045454545456,0.0525116707340404,301.598266724366,-2.47379020244206,-2.26711888846707
"S-VR","H2","30-60",-2.07409090909091,0.0525116707340408,301.59826629735,-2.177426566079,-1.97075525210283
"H-VR","H2","30-60",-2.1809090909091,0.0525116707340408,301.598266289567,-2.28424474789719,-2.077573433921
"U-FIELD","H3","30-60",-2.28090909090909,0.0525116707340409,301.598266338212,-2.38424474789712,-2.17757343392107
"S-VR","H3","30-60",-1.50136363636364,0.0525116707340408,301.598266285944,-1.60469929335174,-1.39802797937554
"H-VR","H3","30-60",-1.47909090909092,0.0525116707340408,301.598266313784,-1.58242656607898,-1.37575525210286
"U-FIELD","H1","60-90",-1.44772727272765,0.0525116707340432,301.598265195199,-1.55106292971726,-1.34439161573804
"S-VR","H1","60-90",-1.52,0.0525116707340405,301.598266591681,-1.62333565698768,-1.41666434301233
"H-VR","H1","60-90",-1.76590909090907,0.0525116707340405,301.598266580206,-1.86924474789676,-1.66257343392137
"U-FIELD","H2","60-90",-1.37363636363638,0.0525116707340404,301.598266722214,-1.47697202062388,-1.27030070664889
"S-VR","H2","60-90",-1.21545454545455,0.0525116707340408,301.598266295232,-1.31879020244263,-1.11211888846646
"H-VR","H2","60-90",-1.38,0.0525116707340408,301.598266287344,-1.4833356569881,-1.27666434301191
"U-FIELD","H3","60-90",-1.33363636363636,0.0525116707340408,301.598266336028,-1.43697202062439,-1.23030070664834
"S-VR","H3","60-90",-0.833181818181823,0.0525116707340408,301.598266283847,-0.936517475169924,-0.729846161193722
"H-VR","H3","60-90",-0.933636363636375,0.0525116707340408,301.598266311557,-1.03697202062444,-0.830300706648312
"U-FIELD","H1","90-120",-0.991363636364016,0.0525116707340433,301.598265196603,-1.09469929335362,-0.888027979374409
"S-VR","H1","90-120",-1.05227272727273,0.0525116707340405,301.598266593118,-1.1556083842604,-0.948937070285056
"H-VR","H1","90-120",-1.29318181818179,0.0525116707340405,301.598266581584,-1.39651747516948,-1.1898461611941
"U-FIELD","H2","90-120",-0.916818181818201,0.0525116707340404,301.598266723592,-1.02015383880569,-0.813482524830707
"S-VR","H2","90-120",-0.827727272727276,0.0525116707340408,301.598266296644,-0.93106292971536,-0.724391615739193
"H-VR","H2","90-120",-1.04318181818182,0.0525116707340408,301.598266288769,-1.14651747516992,-0.939846161193728
"U-FIELD","H3","90-120",-0.955454545454545,0.0525116707340408,301.598266337428,-1.05879020244257,-0.852118888466518
"S-VR","H3","90-120",-0.586363636363641,0.0525116707340408,301.598266285256,-0.68969929335174,-0.483027979375542
"H-VR","H3","90-120",-0.702272727272739,0.0525116707340408,301.598266313063,-0.8056083842608,-0.598937070284678
