"Seedling_ID","Block","Genotype","Regime","Root_Hair_Length_um","Primary_Root_Length_mm","Crown_Root_Count"
"SDL_001","Block_1","WT","Control_Pi_Replete",263.26,105.44,9
"SDL_002","Block_1","WT","Control_Pi_Replete",244.75,110.25,7
"SDL_003","Block_1","WT","Control_Pi_Replete",238.34,108.56,4
"SDL_004","Block_1","WT","Control_Pi_Replete",263.45,111.78,8
"SDL_005","Block_1","WT","Control_Pi_Replete",232.4,105.45,12
"SDL_006","Block_1","WT","Control_Pi_Replete",214.71,111.68,12
"SDL_007","Block_1","WT","Pi_Starvation",481.1,156.62,5
"SDL_008","Block_1","WT","Pi_Starvation",487.33,158.59,10
"SDL_009","Block_1","WT","Pi_Starvation",501.62,144.43,7
"SDL_010","Block_1","WT","Pi_Starvation",511.78,161.71,6
"SDL_011","Block_1","WT","Pi_Starvation",500.02,146.36,5
"SDL_012","Block_1","WT","Pi_Starvation",514.91,158.02,9
"SDL_013","Block_1","WT","Pi_Starv_plus_GR24",477.06,155.97,2
"SDL_014","Block_1","WT","Pi_Starv_plus_GR24",481.24,164.76,2
"SDL_015","Block_1","WT","Pi_Starv_plus_GR24",506.42,156.79,1
"SDL_016","Block_1","WT","Pi_Starv_plus_GR24",491.31,148.63,6
"SDL_017","Block_1","WT","Pi_Starv_plus_GR24",529.79,151.47,5
"SDL_018","Block_1","WT","Pi_Starv_plus_GR24",566.26,149.77,6
"SDL_019","Block_1","WT","Pi_Starv_GR24_plus_AVG",411.83,162.41,3
"SDL_020","Block_1","WT","Pi_Starv_GR24_plus_AVG",396.51,151.59,4
"SDL_021","Block_1","WT","Pi_Starv_GR24_plus_AVG",379.6,157.32,5
"SDL_022","Block_1","WT","Pi_Starv_GR24_plus_AVG",367.11,155.17,3
"SDL_023","Block_1","WT","Pi_Starv_GR24_plus_AVG",393.98,156.5,4
"SDL_024","Block_1","WT","Pi_Starv_GR24_plus_AVG",399.69,153.9,3
"SDL_025","Block_1","d10","Control_Pi_Replete",254.26,109.81,5
"SDL_026","Block_1","d10","Control_Pi_Replete",230.31,109.68,16
"SDL_027","Block_1","d10","Control_Pi_Replete",210.01,110.84,10
"SDL_028","Block_1","d10","Control_Pi_Replete",254.75,112.57,10
"SDL_029","Block_1","d10","Control_Pi_Replete",223.97,107.57,5
"SDL_030","Block_1","d10","Control_Pi_Replete",237.81,120.36,12
"SDL_031","Block_1","d10","Pi_Starvation",284.81,120.06,14
"SDL_032","Block_1","d10","Pi_Starvation",268.36,120.01,7
"SDL_033","Block_1","d10","Pi_Starvation",253.7,113.12,10
"SDL_034","Block_1","d10","Pi_Starvation",245.26,106.35,8
"SDL_035","Block_1","d10","Pi_Starvation",285.12,118.97,7
"SDL_036","Block_1","d10","Pi_Starvation",258.49,117.34,7
"SDL_037","Block_1","d10","Pi_Starv_plus_GR24",554.1,161.41,6
"SDL_038","Block_1","d10","Pi_Starv_plus_GR24",513.99,160.23,4
"SDL_039","Block_1","d10","Pi_Starv_plus_GR24",475.53,153.54,8
"SDL_040","Block_1","d10","Pi_Starv_plus_GR24",483.49,155.68,4
"SDL_041","Block_1","d10","Pi_Starv_plus_GR24",512.42,163.47,6
"SDL_042","Block_1","d10","Pi_Starv_plus_GR24",531.48,153.49,4
"SDL_043","Block_1","d10","Pi_Starv_GR24_plus_AVG",372.16,151.14,6
"SDL_044","Block_1","d10","Pi_Starv_GR24_plus_AVG",384.3,159.08,2
"SDL_045","Block_1","d10","Pi_Starv_GR24_plus_AVG",350.54,151.42,5
"SDL_046","Block_1","d10","Pi_Starv_GR24_plus_AVG",376.73,153.86,6
"SDL_047","Block_1","d10","Pi_Starv_GR24_plus_AVG",381.82,161.97,2
"SDL_048","Block_1","d10","Pi_Starv_GR24_plus_AVG",373.81,156.4,3
"SDL_049","Block_1","d14","Control_Pi_Replete",227.65,103.36,13
"SDL_050","Block_1","d14","Control_Pi_Replete",197.16,119.64,16
"SDL_051","Block_1","d14","Control_Pi_Replete",257.4,109.25,7
"SDL_052","Block_1","d14","Control_Pi_Replete",187.38,108.55,11
"SDL_053","Block_1","d14","Control_Pi_Replete",221.47,121.95,14
"SDL_054","Block_1","d14","Control_Pi_Replete",228.54,118.02,6
"SDL_055","Block_1","d14","Pi_Starvation",247.88,110.86,12
"SDL_056","Block_1","d14","Pi_Starvation",235.95,100.93,11
"SDL_057","Block_1","d14","Pi_Starvation",282.09,113.18,10
"SDL_058","Block_1","d14","Pi_Starvation",243.97,116.37,14
"SDL_059","Block_1","d14","Pi_Starvation",252.79,117.84,7
"SDL_060","Block_1","d14","Pi_Starvation",243.25,105.6,11
"SDL_061","Block_1","d14","Pi_Starv_plus_GR24",239.39,119.21,13
"SDL_062","Block_1","d14","Pi_Starv_plus_GR24",230.49,117.91,7
"SDL_063","Block_1","d14","Pi_Starv_plus_GR24",246.96,115.6,14
"SDL_064","Block_1","d14","Pi_Starv_plus_GR24",253.85,104.64,7
"SDL_065","Block_1","d14","Pi_Starv_plus_GR24",230.18,116.32,12
"SDL_066","Block_1","d14","Pi_Starv_plus_GR24",251.16,119.66,11
"SDL_067","Block_1","d14","Pi_Starv_GR24_plus_AVG",236.87,114.15,9
"SDL_068","Block_1","d14","Pi_Starv_GR24_plus_AVG",253.01,109.96,9
"SDL_069","Block_1","d14","Pi_Starv_GR24_plus_AVG",249.6,122.15,11
"SDL_070","Block_1","d14","Pi_Starv_GR24_plus_AVG",218.99,121.75,8
"SDL_071","Block_1","d14","Pi_Starv_GR24_plus_AVG",227.09,124.63,8
"SDL_072","Block_1","d14","Pi_Starv_GR24_plus_AVG",221.36,109.37,13
"SDL_073","Block_1","d53","Control_Pi_Replete",202.1,111.81,7
"SDL_074","Block_1","d53","Control_Pi_Replete",214.36,110.69,5
"SDL_075","Block_1","d53","Control_Pi_Replete",230.86,109.03,15
"SDL_076","Block_1","d53","Control_Pi_Replete",187.82,112.65,10
"SDL_077","Block_1","d53","Control_Pi_Replete",250.84,113.17,11
"SDL_078","Block_1","d53","Control_Pi_Replete",225.82,111.96,14
"SDL_079","Block_1","d53","Pi_Starvation",262.29,114.67,10
"SDL_080","Block_1","d53","Pi_Starvation",253.75,110.91,9
"SDL_081","Block_1","d53","Pi_Starvation",261.47,113.78,12
"SDL_082","Block_1","d53","Pi_Starvation",229.86,117.07,12
"SDL_083","Block_1","d53","Pi_Starvation",226.59,119.03,12
"SDL_084","Block_1","d53","Pi_Starvation",230.78,115.23,8
"SDL_085","Block_1","d53","Pi_Starv_plus_GR24",243.62,110.55,13
"SDL_086","Block_1","d53","Pi_Starv_plus_GR24",214.78,114.29,11
"SDL_087","Block_1","d53","Pi_Starv_plus_GR24",226.55,113.03,9
"SDL_088","Block_1","d53","Pi_Starv_plus_GR24",256.19,112.52,6
"SDL_089","Block_1","d53","Pi_Starv_plus_GR24",249.44,111.42,12
"SDL_090","Block_1","d53","Pi_Starv_plus_GR24",223.84,116.1,12
"SDL_091","Block_1","d53","Pi_Starv_GR24_plus_AVG",185.42,115.81,9
"SDL_092","Block_1","d53","Pi_Starv_GR24_plus_AVG",241.96,117.04,10
"SDL_093","Block_1","d53","Pi_Starv_GR24_plus_AVG",210.57,113.34,5
"SDL_094","Block_1","d53","Pi_Starv_GR24_plus_AVG",235.87,109.54,11
"SDL_095","Block_1","d53","Pi_Starv_GR24_plus_AVG",215.36,114.78,10
"SDL_096","Block_1","d53","Pi_Starv_GR24_plus_AVG",217.18,113.52,14
"SDL_097","Block_1","ein2","Control_Pi_Replete",223.3,114.26,8
"SDL_098","Block_1","ein2","Control_Pi_Replete",201.59,112.24,14
"SDL_099","Block_1","ein2","Control_Pi_Replete",177.02,123.16,10
"SDL_100","Block_1","ein2","Control_Pi_Replete",216.83,116.93,8
"SDL_101","Block_1","ein2","Control_Pi_Replete",204.53,108.74,13
"SDL_102","Block_1","ein2","Control_Pi_Replete",203.01,108.38,9
"SDL_103","Block_1","ein2","Pi_Starvation",326.68,147.85,3
"SDL_104","Block_1","ein2","Pi_Starvation",329.48,146.82,6
"SDL_105","Block_1","ein2","Pi_Starvation",302.43,148.36,5
"SDL_106","Block_1","ein2","Pi_Starvation",322.37,152.63,3
"SDL_107","Block_1","ein2","Pi_Starvation",342.02,156.32,5
"SDL_108","Block_1","ein2","Pi_Starvation",358.74,139.64,4
"SDL_109","Block_1","ein2","Pi_Starv_plus_GR24",348.09,153.31,1
"SDL_110","Block_1","ein2","Pi_Starv_plus_GR24",381.15,157.86,3
"SDL_111","Block_1","ein2","Pi_Starv_plus_GR24",413.68,146.98,0
"SDL_112","Block_1","ein2","Pi_Starv_plus_GR24",344.91,152.83,4
"SDL_113","Block_1","ein2","Pi_Starv_plus_GR24",352.99,151.6,2
"SDL_114","Block_1","ein2","Pi_Starv_plus_GR24",372.06,154.9,3
"SDL_115","Block_1","ein2","Pi_Starv_GR24_plus_AVG",378.83,154.48,11
"SDL_116","Block_1","ein2","Pi_Starv_GR24_plus_AVG",332.89,163.17,5
"SDL_117","Block_1","ein2","Pi_Starv_GR24_plus_AVG",370.81,151.85,5
"SDL_118","Block_1","ein2","Pi_Starv_GR24_plus_AVG",338.01,154.98,2
"SDL_119","Block_1","ein2","Pi_Starv_GR24_plus_AVG",363.91,162.75,7
"SDL_120","Block_1","ein2","Pi_Starv_GR24_plus_AVG",374.92,154,6
"SDL_121","Block_2","WT","Control_Pi_Replete",249.05,120.07,5
"SDL_122","Block_2","WT","Control_Pi_Replete",283.35,108.56,10
"SDL_123","Block_2","WT","Control_Pi_Replete",220.85,108.38,12
"SDL_124","Block_2","WT","Control_Pi_Replete",253.74,100.42,14
"SDL_125","Block_2","WT","Control_Pi_Replete",277.59,106.31,5
"SDL_126","Block_2","WT","Control_Pi_Replete",224.36,108.06,8
"SDL_127","Block_2","WT","Pi_Starvation",478.71,157.12,3
"SDL_128","Block_2","WT","Pi_Starvation",489.91,155.64,9
"SDL_129","Block_2","WT","Pi_Starvation",503.79,158.15,4
"SDL_130","Block_2","WT","Pi_Starvation",438.19,146.83,4
"SDL_131","Block_2","WT","Pi_Starvation",505.28,156.51,3
"SDL_132","Block_2","WT","Pi_Starvation",516.15,155.35,5
"SDL_133","Block_2","WT","Pi_Starv_plus_GR24",521.83,158.87,2
"SDL_134","Block_2","WT","Pi_Starv_plus_GR24",540.86,156.92,2
"SDL_135","Block_2","WT","Pi_Starv_plus_GR24",541.46,149.37,5
"SDL_136","Block_2","WT","Pi_Starv_plus_GR24",579.09,158.44,6
"SDL_137","Block_2","WT","Pi_Starv_plus_GR24",506.72,152.28,7
"SDL_138","Block_2","WT","Pi_Starv_plus_GR24",518.37,157.31,6
"SDL_139","Block_2","WT","Pi_Starv_GR24_plus_AVG",395.46,153.38,3
"SDL_140","Block_2","WT","Pi_Starv_GR24_plus_AVG",424.76,149.7,3
"SDL_141","Block_2","WT","Pi_Starv_GR24_plus_AVG",381.95,153.63,4
"SDL_142","Block_2","WT","Pi_Starv_GR24_plus_AVG",397.03,152.9,0
"SDL_143","Block_2","WT","Pi_Starv_GR24_plus_AVG",366.28,152.18,6
"SDL_144","Block_2","WT","Pi_Starv_GR24_plus_AVG",406.59,150.48,1
"SDL_145","Block_2","d10","Control_Pi_Replete",244.75,110.95,5
"SDL_146","Block_2","d10","Control_Pi_Replete",232.18,105.25,9
"SDL_147","Block_2","d10","Control_Pi_Replete",231.53,95.49,10
"SDL_148","Block_2","d10","Control_Pi_Replete",278.44,107.53,12
"SDL_149","Block_2","d10","Control_Pi_Replete",264.96,100.58,5
"SDL_150","Block_2","d10","Control_Pi_Replete",229.6,103.27,7
"SDL_151","Block_2","d10","Pi_Starvation",291.03,121.06,5
"SDL_152","Block_2","d10","Pi_Starvation",261.12,114.06,9
"SDL_153","Block_2","d10","Pi_Starvation",263.59,109.85,5
"SDL_154","Block_2","d10","Pi_Starvation",251.8,109.17,12
"SDL_155","Block_2","d10","Pi_Starvation",246.18,117.98,12
"SDL_156","Block_2","d10","Pi_Starvation",286.71,109.47,14
"SDL_157","Block_2","d10","Pi_Starv_plus_GR24",554.22,151.48,5
"SDL_158","Block_2","d10","Pi_Starv_plus_GR24",531.92,155.93,3
"SDL_159","Block_2","d10","Pi_Starv_plus_GR24",528.53,155.34,3
"SDL_160","Block_2","d10","Pi_Starv_plus_GR24",523.88,157.58,8
"SDL_161","Block_2","d10","Pi_Starv_plus_GR24",546.08,152.49,5
"SDL_162","Block_2","d10","Pi_Starv_plus_GR24",532.5,149.78,3
"SDL_163","Block_2","d10","Pi_Starv_GR24_plus_AVG",433.89,153.98,6
"SDL_164","Block_2","d10","Pi_Starv_GR24_plus_AVG",370.61,151.08,5
"SDL_165","Block_2","d10","Pi_Starv_GR24_plus_AVG",407.8,153.27,5
"SDL_166","Block_2","d10","Pi_Starv_GR24_plus_AVG",402.26,146.23,3
"SDL_167","Block_2","d10","Pi_Starv_GR24_plus_AVG",399.07,150.32,2
"SDL_168","Block_2","d10","Pi_Starv_GR24_plus_AVG",373.69,146.15,4
"SDL_169","Block_2","d14","Control_Pi_Replete",207.95,105.87,6
"SDL_170","Block_2","d14","Control_Pi_Replete",257.05,101,13
"SDL_171","Block_2","d14","Control_Pi_Replete",281.2,107.94,9
"SDL_172","Block_2","d14","Control_Pi_Replete",257.48,106.55,7
"SDL_173","Block_2","d14","Control_Pi_Replete",233.99,101.41,14
"SDL_174","Block_2","d14","Control_Pi_Replete",243.47,116.18,13
"SDL_175","Block_2","d14","Pi_Starvation",222.17,107.9,18
"SDL_176","Block_2","d14","Pi_Starvation",261.49,112.9,8
"SDL_177","Block_2","d14","Pi_Starvation",307.11,111.38,10
"SDL_178","Block_2","d14","Pi_Starvation",284.1,116.08,5
"SDL_179","Block_2","d14","Pi_Starvation",260.72,103.76,6
"SDL_180","Block_2","d14","Pi_Starvation",257.93,123.69,13
"SDL_181","Block_2","d14","Pi_Starv_plus_GR24",258.93,109.62,8
"SDL_182","Block_2","d14","Pi_Starv_plus_GR24",250.15,115.06,9
"SDL_183","Block_2","d14","Pi_Starv_plus_GR24",264.51,119.68,11
"SDL_184","Block_2","d14","Pi_Starv_plus_GR24",259.72,114.33,10
"SDL_185","Block_2","d14","Pi_Starv_plus_GR24",274.88,114.86,7
"SDL_186","Block_2","d14","Pi_Starv_plus_GR24",250.94,110.3,9
"SDL_187","Block_2","d14","Pi_Starv_GR24_plus_AVG",244.05,116.93,11
"SDL_188","Block_2","d14","Pi_Starv_GR24_plus_AVG",252.48,118.74,15
"SDL_189","Block_2","d14","Pi_Starv_GR24_plus_AVG",301.56,124.4,5
"SDL_190","Block_2","d14","Pi_Starv_GR24_plus_AVG",266.52,123.52,5
"SDL_191","Block_2","d14","Pi_Starv_GR24_plus_AVG",239.03,112.6,11
"SDL_192","Block_2","d14","Pi_Starv_GR24_plus_AVG",278.05,108.51,9
"SDL_193","Block_2","d53","Control_Pi_Replete",242.57,116.01,10
"SDL_194","Block_2","d53","Control_Pi_Replete",254.13,103.82,12
"SDL_195","Block_2","d53","Control_Pi_Replete",223.13,104.01,11
"SDL_196","Block_2","d53","Control_Pi_Replete",257.44,100.43,8
"SDL_197","Block_2","d53","Control_Pi_Replete",223.05,110.49,7
"SDL_198","Block_2","d53","Control_Pi_Replete",223.65,110.1,7
"SDL_199","Block_2","d53","Pi_Starvation",252.23,109.64,15
"SDL_200","Block_2","d53","Pi_Starvation",225.29,112.17,8
"SDL_201","Block_2","d53","Pi_Starvation",230.64,114.62,10
"SDL_202","Block_2","d53","Pi_Starvation",211.32,116.05,9
"SDL_203","Block_2","d53","Pi_Starvation",246.18,107.96,13
"SDL_204","Block_2","d53","Pi_Starvation",296.83,114.24,6
"SDL_205","Block_2","d53","Pi_Starv_plus_GR24",252.26,114.41,7
"SDL_206","Block_2","d53","Pi_Starv_plus_GR24",258.85,107.58,8
"SDL_207","Block_2","d53","Pi_Starv_plus_GR24",244.01,104.91,9
"SDL_208","Block_2","d53","Pi_Starv_plus_GR24",259.5,112.68,8
"SDL_209","Block_2","d53","Pi_Starv_plus_GR24",255.09,115.39,12
"SDL_210","Block_2","d53","Pi_Starv_plus_GR24",224.77,108.9,12
"SDL_211","Block_2","d53","Pi_Starv_GR24_plus_AVG",243.57,109.42,10
"SDL_212","Block_2","d53","Pi_Starv_GR24_plus_AVG",233.43,114.76,13
"SDL_213","Block_2","d53","Pi_Starv_GR24_plus_AVG",252.34,114.42,13
"SDL_214","Block_2","d53","Pi_Starv_GR24_plus_AVG",266.96,109.15,13
"SDL_215","Block_2","d53","Pi_Starv_GR24_plus_AVG",250.14,105.25,5
"SDL_216","Block_2","d53","Pi_Starv_GR24_plus_AVG",253.65,119.31,10
"SDL_217","Block_2","ein2","Control_Pi_Replete",225.74,112.43,7
"SDL_218","Block_2","ein2","Control_Pi_Replete",204.28,112.37,5
"SDL_219","Block_2","ein2","Control_Pi_Replete",205.4,107.59,14
"SDL_220","Block_2","ein2","Control_Pi_Replete",220.5,118.41,15
"SDL_221","Block_2","ein2","Control_Pi_Replete",225.71,118.94,7
"SDL_222","Block_2","ein2","Control_Pi_Replete",229.19,120.2,10
"SDL_223","Block_2","ein2","Pi_Starvation",318.63,144.65,3
"SDL_224","Block_2","ein2","Pi_Starvation",327.74,151.83,6
"SDL_225","Block_2","ein2","Pi_Starvation",340.31,148.78,3
"SDL_226","Block_2","ein2","Pi_Starvation",335.96,150.22,7
"SDL_227","Block_2","ein2","Pi_Starvation",319.55,149.8,4
"SDL_228","Block_2","ein2","Pi_Starvation",337.98,150.63,1
"SDL_229","Block_2","ein2","Pi_Starv_plus_GR24",395.11,145.09,3
"SDL_230","Block_2","ein2","Pi_Starv_plus_GR24",372.5,151.9,5
"SDL_231","Block_2","ein2","Pi_Starv_plus_GR24",371.81,149.21,3
"SDL_232","Block_2","ein2","Pi_Starv_plus_GR24",412.87,157.78,4
"SDL_233","Block_2","ein2","Pi_Starv_plus_GR24",356.82,146.28,5
"SDL_234","Block_2","ein2","Pi_Starv_plus_GR24",388.91,149.97,2
"SDL_235","Block_2","ein2","Pi_Starv_GR24_plus_AVG",366.57,146.12,4
"SDL_236","Block_2","ein2","Pi_Starv_GR24_plus_AVG",356.2,157.47,2
"SDL_237","Block_2","ein2","Pi_Starv_GR24_plus_AVG",386.89,152.97,5
"SDL_238","Block_2","ein2","Pi_Starv_GR24_plus_AVG",362.41,155.84,5
"SDL_239","Block_2","ein2","Pi_Starv_GR24_plus_AVG",364.35,156.08,6
"SDL_240","Block_2","ein2","Pi_Starv_GR24_plus_AVG",394.26,155.73,6
"SDL_241","Block_3","WT","Control_Pi_Replete",229.14,121.06,14
"SDL_242","Block_3","WT","Control_Pi_Replete",251.23,113.97,9
"SDL_243","Block_3","WT","Control_Pi_Replete",234.14,113.11,9
"SDL_244","Block_3","WT","Control_Pi_Replete",243.16,116.95,14
"SDL_245","Block_3","WT","Control_Pi_Replete",214.96,117.13,11
"SDL_246","Block_3","WT","Control_Pi_Replete",210.14,116.52,12
"SDL_247","Block_3","WT","Pi_Starvation",480.38,147.99,5
"SDL_248","Block_3","WT","Pi_Starvation",483.26,152.02,2
"SDL_249","Block_3","WT","Pi_Starvation",481.26,157.23,3
"SDL_250","Block_3","WT","Pi_Starvation",519.72,152.09,5
"SDL_251","Block_3","WT","Pi_Starvation",467.49,156.2,4
"SDL_252","Block_3","WT","Pi_Starvation",465.15,158.97,3
"SDL_253","Block_3","WT","Pi_Starv_plus_GR24",516.85,157.99,2
"SDL_254","Block_3","WT","Pi_Starv_plus_GR24",517.76,157.93,1
"SDL_255","Block_3","WT","Pi_Starv_plus_GR24",542.7,166.32,2
"SDL_256","Block_3","WT","Pi_Starv_plus_GR24",514.67,161.2,4
"SDL_257","Block_3","WT","Pi_Starv_plus_GR24",536.54,162.18,5
"SDL_258","Block_3","WT","Pi_Starv_plus_GR24",511.76,161.71,3
"SDL_259","Block_3","WT","Pi_Starv_GR24_plus_AVG",385.26,162.13,3
"SDL_260","Block_3","WT","Pi_Starv_GR24_plus_AVG",423.89,158.47,4
"SDL_261","Block_3","WT","Pi_Starv_GR24_plus_AVG",365.12,156.47,3
"SDL_262","Block_3","WT","Pi_Starv_GR24_plus_AVG",379.21,156.31,1
"SDL_263","Block_3","WT","Pi_Starv_GR24_plus_AVG",379.29,152.09,0
"SDL_264","Block_3","WT","Pi_Starv_GR24_plus_AVG",390.82,166.97,2
"SDL_265","Block_3","d10","Control_Pi_Replete",226.61,105.15,11
"SDL_266","Block_3","d10","Control_Pi_Replete",213.37,118.95,16
"SDL_267","Block_3","d10","Control_Pi_Replete",263.62,104.37,9
"SDL_268","Block_3","d10","Control_Pi_Replete",206.8,118.25,13
"SDL_269","Block_3","d10","Control_Pi_Replete",218.91,111.75,10
"SDL_270","Block_3","d10","Control_Pi_Replete",242.08,107.55,2
"SDL_271","Block_3","d10","Pi_Starvation",245.19,114.68,7
"SDL_272","Block_3","d10","Pi_Starvation",249.07,120.42,20
"SDL_273","Block_3","d10","Pi_Starvation",257.43,125.31,9
"SDL_274","Block_3","d10","Pi_Starvation",255.64,120.14,9
"SDL_275","Block_3","d10","Pi_Starvation",277.3,116.34,8
"SDL_276","Block_3","d10","Pi_Starvation",275.23,111.88,8
"SDL_277","Block_3","d10","Pi_Starv_plus_GR24",535.89,153.42,6
"SDL_278","Block_3","d10","Pi_Starv_plus_GR24",480.21,164.39,2
"SDL_279","Block_3","d10","Pi_Starv_plus_GR24",508.01,161.21,1
"SDL_280","Block_3","d10","Pi_Starv_plus_GR24",552.06,153.01,7
"SDL_281","Block_3","d10","Pi_Starv_plus_GR24",518.46,155.38,2
"SDL_282","Block_3","d10","Pi_Starv_plus_GR24",515.83,154.77,9
"SDL_283","Block_3","d10","Pi_Starv_GR24_plus_AVG",403.44,159.95,3
"SDL_284","Block_3","d10","Pi_Starv_GR24_plus_AVG",384.1,147.9,3
"SDL_285","Block_3","d10","Pi_Starv_GR24_plus_AVG",325.31,148.45,1
"SDL_286","Block_3","d10","Pi_Starv_GR24_plus_AVG",414.19,156.77,3
"SDL_287","Block_3","d10","Pi_Starv_GR24_plus_AVG",391.99,155.17,4
"SDL_288","Block_3","d10","Pi_Starv_GR24_plus_AVG",381.89,159.71,6
"SDL_289","Block_3","d14","Control_Pi_Replete",217.69,111.71,9
"SDL_290","Block_3","d14","Control_Pi_Replete",221.89,110.68,9
"SDL_291","Block_3","d14","Control_Pi_Replete",201.61,114.46,11
"SDL_292","Block_3","d14","Control_Pi_Replete",198.65,113.48,11
"SDL_293","Block_3","d14","Control_Pi_Replete",232.01,110.88,13
"SDL_294","Block_3","d14","Control_Pi_Replete",238.29,111.78,17
"SDL_295","Block_3","d14","Pi_Starvation",255.65,112.99,8
"SDL_296","Block_3","d14","Pi_Starvation",265.52,111.73,10
"SDL_297","Block_3","d14","Pi_Starvation",237.46,114.23,13
"SDL_298","Block_3","d14","Pi_Starvation",248.34,115.11,13
"SDL_299","Block_3","d14","Pi_Starvation",243.02,116.7,9
"SDL_300","Block_3","d14","Pi_Starvation",241.97,117.47,7
"SDL_301","Block_3","d14","Pi_Starv_plus_GR24",221.99,109.32,10
"SDL_302","Block_3","d14","Pi_Starv_plus_GR24",255.51,112.92,8
"SDL_303","Block_3","d14","Pi_Starv_plus_GR24",252.2,116.53,8
"SDL_304","Block_3","d14","Pi_Starv_plus_GR24",209.26,107.6,18
"SDL_305","Block_3","d14","Pi_Starv_plus_GR24",241.46,116.26,6
"SDL_306","Block_3","d14","Pi_Starv_plus_GR24",249.94,110.88,8
"SDL_307","Block_3","d14","Pi_Starv_GR24_plus_AVG",200.19,118.95,8
"SDL_308","Block_3","d14","Pi_Starv_GR24_plus_AVG",238.31,118.11,5
"SDL_309","Block_3","d14","Pi_Starv_GR24_plus_AVG",253.48,114.35,14
"SDL_310","Block_3","d14","Pi_Starv_GR24_plus_AVG",223.54,117.46,9
"SDL_311","Block_3","d14","Pi_Starv_GR24_plus_AVG",249.18,120.51,7
"SDL_312","Block_3","d14","Pi_Starv_GR24_plus_AVG",224.1,106.13,12
"SDL_313","Block_3","d53","Control_Pi_Replete",226.72,115.87,11
"SDL_314","Block_3","d53","Control_Pi_Replete",229.73,115.77,13
"SDL_315","Block_3","d53","Control_Pi_Replete",200.32,109.13,12
"SDL_316","Block_3","d53","Control_Pi_Replete",246.44,109.24,12
"SDL_317","Block_3","d53","Control_Pi_Replete",230.27,111.65,9
"SDL_318","Block_3","d53","Control_Pi_Replete",209.62,119.69,9
"SDL_319","Block_3","d53","Pi_Starvation",203.33,111.84,19
"SDL_320","Block_3","d53","Pi_Starvation",235.35,127.19,15
"SDL_321","Block_3","d53","Pi_Starvation",246.79,115.19,15
"SDL_322","Block_3","d53","Pi_Starvation",238.78,109.55,11
"SDL_323","Block_3","d53","Pi_Starvation",217.05,116.19,8
"SDL_324","Block_3","d53","Pi_Starvation",223.85,121.45,12
"SDL_325","Block_3","d53","Pi_Starv_plus_GR24",251.19,117.28,15
"SDL_326","Block_3","d53","Pi_Starv_plus_GR24",231.6,117.35,7
"SDL_327","Block_3","d53","Pi_Starv_plus_GR24",256.82,109.36,15
"SDL_328","Block_3","d53","Pi_Starv_plus_GR24",215.84,107.99,10
"SDL_329","Block_3","d53","Pi_Starv_plus_GR24",267.73,109.71,9
"SDL_330","Block_3","d53","Pi_Starv_plus_GR24",202.78,118.59,17
"SDL_331","Block_3","d53","Pi_Starv_GR24_plus_AVG",212.59,120.38,12
"SDL_332","Block_3","d53","Pi_Starv_GR24_plus_AVG",212.44,116.97,5
"SDL_333","Block_3","d53","Pi_Starv_GR24_plus_AVG",198.34,109.41,4
"SDL_334","Block_3","d53","Pi_Starv_GR24_plus_AVG",221.56,120.09,10
"SDL_335","Block_3","d53","Pi_Starv_GR24_plus_AVG",234.33,110.04,9
"SDL_336","Block_3","d53","Pi_Starv_GR24_plus_AVG",221.97,113.69,11
"SDL_337","Block_3","ein2","Control_Pi_Replete",169.99,110.65,11
"SDL_338","Block_3","ein2","Control_Pi_Replete",209.06,111.12,9
"SDL_339","Block_3","ein2","Control_Pi_Replete",201.32,118.03,7
"SDL_340","Block_3","ein2","Control_Pi_Replete",225.17,108.15,9
"SDL_341","Block_3","ein2","Control_Pi_Replete",257.7,114.43,7
"SDL_342","Block_3","ein2","Control_Pi_Replete",192.84,120.92,8
"SDL_343","Block_3","ein2","Pi_Starvation",331.71,147.42,2
"SDL_344","Block_3","ein2","Pi_Starvation",364.24,153.16,6
"SDL_345","Block_3","ein2","Pi_Starvation",337.99,154.63,4
"SDL_346","Block_3","ein2","Pi_Starvation",329.62,156.56,1
"SDL_347","Block_3","ein2","Pi_Starvation",333.31,159.73,5
"SDL_348","Block_3","ein2","Pi_Starvation",319.54,157.86,2
"SDL_349","Block_3","ein2","Pi_Starv_plus_GR24",350.01,156.5,3
"SDL_350","Block_3","ein2","Pi_Starv_plus_GR24",397.48,166.15,6
"SDL_351","Block_3","ein2","Pi_Starv_plus_GR24",370.03,158.35,1
"SDL_352","Block_3","ein2","Pi_Starv_plus_GR24",370.66,150.6,1
"SDL_353","Block_3","ein2","Pi_Starv_plus_GR24",350.63,160.91,1
"SDL_354","Block_3","ein2","Pi_Starv_plus_GR24",339.3,161.9,5
"SDL_355","Block_3","ein2","Pi_Starv_GR24_plus_AVG",334.42,153.31,6
"SDL_356","Block_3","ein2","Pi_Starv_GR24_plus_AVG",365.27,156.57,4
"SDL_357","Block_3","ein2","Pi_Starv_GR24_plus_AVG",327.57,157.65,8
"SDL_358","Block_3","ein2","Pi_Starv_GR24_plus_AVG",325.14,171.39,1
"SDL_359","Block_3","ein2","Pi_Starv_GR24_plus_AVG",368.44,164.31,2
"SDL_360","Block_3","ein2","Pi_Starv_GR24_plus_AVG",338.57,161.04,5
"SDL_361","Block_4","WT","Control_Pi_Replete",263.17,114.33,8
"SDL_362","Block_4","WT","Control_Pi_Replete",249.57,108.57,14
"SDL_363","Block_4","WT","Control_Pi_Replete",236.23,107.94,10
"SDL_364","Block_4","WT","Control_Pi_Replete",229.92,112.2,4
"SDL_365","Block_4","WT","Control_Pi_Replete",231.64,111.85,11
"SDL_366","Block_4","WT","Control_Pi_Replete",243.66,108.56,12
"SDL_367","Block_4","WT","Pi_Starvation",488.86,151.73,4
"SDL_368","Block_4","WT","Pi_Starvation",465.57,151.34,6
"SDL_369","Block_4","WT","Pi_Starvation",471.28,154.28,2
"SDL_370","Block_4","WT","Pi_Starvation",473.22,147.8,0
"SDL_371","Block_4","WT","Pi_Starvation",453.44,160.76,4
"SDL_372","Block_4","WT","Pi_Starvation",472.38,148.78,6
"SDL_373","Block_4","WT","Pi_Starv_plus_GR24",498.09,165.04,4
"SDL_374","Block_4","WT","Pi_Starv_plus_GR24",539.37,152.53,5
"SDL_375","Block_4","WT","Pi_Starv_plus_GR24",552.77,146.56,0
"SDL_376","Block_4","WT","Pi_Starv_plus_GR24",506.53,151.98,6
"SDL_377","Block_4","WT","Pi_Starv_plus_GR24",533.95,162.35,3
"SDL_378","Block_4","WT","Pi_Starv_plus_GR24",553.65,166.33,1
"SDL_379","Block_4","WT","Pi_Starv_GR24_plus_AVG",386.53,146.67,4
"SDL_380","Block_4","WT","Pi_Starv_GR24_plus_AVG",425.41,154.12,3
"SDL_381","Block_4","WT","Pi_Starv_GR24_plus_AVG",418.41,157.95,5
"SDL_382","Block_4","WT","Pi_Starv_GR24_plus_AVG",398.17,155.61,7
"SDL_383","Block_4","WT","Pi_Starv_GR24_plus_AVG",387.3,150.39,8
"SDL_384","Block_4","WT","Pi_Starv_GR24_plus_AVG",398.6,156.63,7
"SDL_385","Block_4","d10","Control_Pi_Replete",250.27,110.97,11
"SDL_386","Block_4","d10","Control_Pi_Replete",208.96,107.61,10
"SDL_387","Block_4","d10","Control_Pi_Replete",233.7,106.75,10
"SDL_388","Block_4","d10","Control_Pi_Replete",232.59,113.02,12
"SDL_389","Block_4","d10","Control_Pi_Replete",235.48,108.55,9
"SDL_390","Block_4","d10","Control_Pi_Replete",259.35,97.94,11
"SDL_391","Block_4","d10","Pi_Starvation",272.23,108.82,15
"SDL_392","Block_4","d10","Pi_Starvation",301.42,111.26,10
"SDL_393","Block_4","d10","Pi_Starvation",303.92,114.59,9
"SDL_394","Block_4","d10","Pi_Starvation",261.16,115.08,7
"SDL_395","Block_4","d10","Pi_Starvation",290.59,114.37,6
"SDL_396","Block_4","d10","Pi_Starvation",284.86,114.42,7
"SDL_397","Block_4","d10","Pi_Starv_plus_GR24",507.52,149.22,5
"SDL_398","Block_4","d10","Pi_Starv_plus_GR24",552.77,155.95,10
"SDL_399","Block_4","d10","Pi_Starv_plus_GR24",512.57,150.82,3
"SDL_400","Block_4","d10","Pi_Starv_plus_GR24",515.28,147.06,1
"SDL_401","Block_4","d10","Pi_Starv_plus_GR24",521.43,151.04,5
"SDL_402","Block_4","d10","Pi_Starv_plus_GR24",527.35,149.6,5
"SDL_403","Block_4","d10","Pi_Starv_GR24_plus_AVG",378.45,150.5,0
"SDL_404","Block_4","d10","Pi_Starv_GR24_plus_AVG",375.25,147.67,5
"SDL_405","Block_4","d10","Pi_Starv_GR24_plus_AVG",395.56,146.01,1
"SDL_406","Block_4","d10","Pi_Starv_GR24_plus_AVG",375.74,148.23,7
"SDL_407","Block_4","d10","Pi_Starv_GR24_plus_AVG",408.64,151.09,5
"SDL_408","Block_4","d10","Pi_Starv_GR24_plus_AVG",391.8,153.59,2
"SDL_409","Block_4","d14","Control_Pi_Replete",202.29,114.15,12
"SDL_410","Block_4","d14","Control_Pi_Replete",240.84,113.16,14
"SDL_411","Block_4","d14","Control_Pi_Replete",217.43,104.35,14
"SDL_412","Block_4","d14","Control_Pi_Replete",266.21,103.18,7
"SDL_413","Block_4","d14","Control_Pi_Replete",211.58,104.65,6
"SDL_414","Block_4","d14","Control_Pi_Replete",252.33,109.86,11
"SDL_415","Block_4","d14","Pi_Starvation",266.47,119.99,5
"SDL_416","Block_4","d14","Pi_Starvation",238.68,105.18,16
"SDL_417","Block_4","d14","Pi_Starvation",268.78,108.77,4
"SDL_418","Block_4","d14","Pi_Starvation",258.6,110.18,5
"SDL_419","Block_4","d14","Pi_Starvation",249.21,108.31,4
"SDL_420","Block_4","d14","Pi_Starvation",253.81,109.37,9
"SDL_421","Block_4","d14","Pi_Starv_plus_GR24",256.33,114.94,14
"SDL_422","Block_4","d14","Pi_Starv_plus_GR24",261.64,114.96,8
"SDL_423","Block_4","d14","Pi_Starv_plus_GR24",243.24,109.6,12
"SDL_424","Block_4","d14","Pi_Starv_plus_GR24",220.08,106.25,12
"SDL_425","Block_4","d14","Pi_Starv_plus_GR24",282.28,116.9,7
"SDL_426","Block_4","d14","Pi_Starv_plus_GR24",281.81,117.67,5
"SDL_427","Block_4","d14","Pi_Starv_GR24_plus_AVG",227.71,101.04,10
"SDL_428","Block_4","d14","Pi_Starv_GR24_plus_AVG",229.42,127.17,4
"SDL_429","Block_4","d14","Pi_Starv_GR24_plus_AVG",255.24,108.64,10
"SDL_430","Block_4","d14","Pi_Starv_GR24_plus_AVG",229.42,113.84,5
"SDL_431","Block_4","d14","Pi_Starv_GR24_plus_AVG",263.57,108.22,12
"SDL_432","Block_4","d14","Pi_Starv_GR24_plus_AVG",242.69,111.31,8
"SDL_433","Block_4","d53","Control_Pi_Replete",241.59,107.51,9
"SDL_434","Block_4","d53","Control_Pi_Replete",227.64,103.93,13
"SDL_435","Block_4","d53","Control_Pi_Replete",222.64,104.98,11
"SDL_436","Block_4","d53","Control_Pi_Replete",220.15,105.94,12
"SDL_437","Block_4","d53","Control_Pi_Replete",210.22,111.97,11
"SDL_438","Block_4","d53","Control_Pi_Replete",229.64,104.35,9
"SDL_439","Block_4","d53","Pi_Starvation",226.26,111.63,13
"SDL_440","Block_4","d53","Pi_Starvation",244.44,113.57,11
"SDL_441","Block_4","d53","Pi_Starvation",215.78,110.75,8
"SDL_442","Block_4","d53","Pi_Starvation",236.6,100.86,5
"SDL_443","Block_4","d53","Pi_Starvation",258.94,111.16,12
"SDL_444","Block_4","d53","Pi_Starvation",252.67,105.54,8
"SDL_445","Block_4","d53","Pi_Starv_plus_GR24",229.48,114.05,2
"SDL_446","Block_4","d53","Pi_Starv_plus_GR24",234.31,113.73,11
"SDL_447","Block_4","d53","Pi_Starv_plus_GR24",262.16,110.34,9
"SDL_448","Block_4","d53","Pi_Starv_plus_GR24",253.32,119.6,12
"SDL_449","Block_4","d53","Pi_Starv_plus_GR24",227.06,117.36,6
"SDL_450","Block_4","d53","Pi_Starv_plus_GR24",247.99,113.25,13
"SDL_451","Block_4","d53","Pi_Starv_GR24_plus_AVG",218.09,108.76,3
"SDL_452","Block_4","d53","Pi_Starv_GR24_plus_AVG",229.27,109.59,9
"SDL_453","Block_4","d53","Pi_Starv_GR24_plus_AVG",251.78,124.15,12
"SDL_454","Block_4","d53","Pi_Starv_GR24_plus_AVG",212.82,113.46,9
"SDL_455","Block_4","d53","Pi_Starv_GR24_plus_AVG",249.35,111.58,8
"SDL_456","Block_4","d53","Pi_Starv_GR24_plus_AVG",228.67,109.82,9
"SDL_457","Block_4","ein2","Control_Pi_Replete",208.39,103.59,9
"SDL_458","Block_4","ein2","Control_Pi_Replete",231.06,111.66,6
"SDL_459","Block_4","ein2","Control_Pi_Replete",208.15,108.36,8
"SDL_460","Block_4","ein2","Control_Pi_Replete",212.33,108.66,11
"SDL_461","Block_4","ein2","Control_Pi_Replete",208.34,117.26,13
"SDL_462","Block_4","ein2","Control_Pi_Replete",265.18,109.23,8
"SDL_463","Block_4","ein2","Pi_Starvation",366.95,144.69,5
"SDL_464","Block_4","ein2","Pi_Starvation",296.06,148.83,3
"SDL_465","Block_4","ein2","Pi_Starvation",370.33,145.82,6
"SDL_466","Block_4","ein2","Pi_Starvation",322.41,146.96,4
"SDL_467","Block_4","ein2","Pi_Starvation",326.18,147.17,6
"SDL_468","Block_4","ein2","Pi_Starvation",350.26,154.16,7
"SDL_469","Block_4","ein2","Pi_Starv_plus_GR24",398.8,149.3,4
"SDL_470","Block_4","ein2","Pi_Starv_plus_GR24",399.35,141.29,12
"SDL_471","Block_4","ein2","Pi_Starv_plus_GR24",339.64,156.17,2
"SDL_472","Block_4","ein2","Pi_Starv_plus_GR24",388.33,156.61,6
"SDL_473","Block_4","ein2","Pi_Starv_plus_GR24",341.77,150.6,4
"SDL_474","Block_4","ein2","Pi_Starv_plus_GR24",387.86,143.59,6
"SDL_475","Block_4","ein2","Pi_Starv_GR24_plus_AVG",335.79,142.3,6
"SDL_476","Block_4","ein2","Pi_Starv_GR24_plus_AVG",389.07,158.1,3
"SDL_477","Block_4","ein2","Pi_Starv_GR24_plus_AVG",398.32,144.11,6
"SDL_478","Block_4","ein2","Pi_Starv_GR24_plus_AVG",368.59,153.25,4
"SDL_479","Block_4","ein2","Pi_Starv_GR24_plus_AVG",395.24,150.73,4
"SDL_480","Block_4","ein2","Pi_Starv_GR24_plus_AVG",380.8,152.97,3
"SDL_481","Block_5","WT","Control_Pi_Replete",218.56,113.86,12
"SDL_482","Block_5","WT","Control_Pi_Replete",252.3,114.5,16
"SDL_483","Block_5","WT","Control_Pi_Replete",235.93,105.72,11
"SDL_484","Block_5","WT","Control_Pi_Replete",226.89,110.35,7
"SDL_485","Block_5","WT","Control_Pi_Replete",230.59,108.17,9
"SDL_486","Block_5","WT","Control_Pi_Replete",252.64,122.01,12
"SDL_487","Block_5","WT","Pi_Starvation",499.35,157.27,5
"SDL_488","Block_5","WT","Pi_Starvation",468.57,157.35,3
"SDL_489","Block_5","WT","Pi_Starvation",488.16,154.43,6
"SDL_490","Block_5","WT","Pi_Starvation",482.52,152.9,0
"SDL_491","Block_5","WT","Pi_Starvation",486.59,150.12,6
"SDL_492","Block_5","WT","Pi_Starvation",475.08,160.82,6
"SDL_493","Block_5","WT","Pi_Starv_plus_GR24",520.48,159.43,4
"SDL_494","Block_5","WT","Pi_Starv_plus_GR24",546.38,157.57,5
"SDL_495","Block_5","WT","Pi_Starv_plus_GR24",532.38,163.23,1
"SDL_496","Block_5","WT","Pi_Starv_plus_GR24",534.39,150.45,4
"SDL_497","Block_5","WT","Pi_Starv_plus_GR24",543.76,160.4,3
"SDL_498","Block_5","WT","Pi_Starv_plus_GR24",535.23,160.56,2
"SDL_499","Block_5","WT","Pi_Starv_GR24_plus_AVG",410.55,158.46,2
"SDL_500","Block_5","WT","Pi_Starv_GR24_plus_AVG",376.64,157.93,6
"SDL_501","Block_5","WT","Pi_Starv_GR24_plus_AVG",389.3,147.22,6
"SDL_502","Block_5","WT","Pi_Starv_GR24_plus_AVG",422.77,146.32,6
"SDL_503","Block_5","WT","Pi_Starv_GR24_plus_AVG",385.2,148.22,4
"SDL_504","Block_5","WT","Pi_Starv_GR24_plus_AVG",395.79,159.78,7
"SDL_505","Block_5","d10","Control_Pi_Replete",233.1,116.17,7
"SDL_506","Block_5","d10","Control_Pi_Replete",239.71,111.44,13
"SDL_507","Block_5","d10","Control_Pi_Replete",218.7,119.32,10
"SDL_508","Block_5","d10","Control_Pi_Replete",249.89,109.2,14
"SDL_509","Block_5","d10","Control_Pi_Replete",224.47,104.41,9
"SDL_510","Block_5","d10","Control_Pi_Replete",266.8,109.89,7
"SDL_511","Block_5","d10","Pi_Starvation",289.86,119.78,10
"SDL_512","Block_5","d10","Pi_Starvation",245.63,121.4,9
"SDL_513","Block_5","d10","Pi_Starvation",246.6,113.42,7
"SDL_514","Block_5","d10","Pi_Starvation",268.27,111.87,7
"SDL_515","Block_5","d10","Pi_Starvation",274.63,117.27,9
"SDL_516","Block_5","d10","Pi_Starvation",232.95,119.09,5
"SDL_517","Block_5","d10","Pi_Starv_plus_GR24",548.25,142.58,1
"SDL_518","Block_5","d10","Pi_Starv_plus_GR24",521.66,156.1,8
"SDL_519","Block_5","d10","Pi_Starv_plus_GR24",529.51,150.9,5
"SDL_520","Block_5","d10","Pi_Starv_plus_GR24",529.28,159.64,2
"SDL_521","Block_5","d10","Pi_Starv_plus_GR24",537.97,152.32,2
"SDL_522","Block_5","d10","Pi_Starv_plus_GR24",543.12,158.34,3
"SDL_523","Block_5","d10","Pi_Starv_GR24_plus_AVG",401.48,151.79,1
"SDL_524","Block_5","d10","Pi_Starv_GR24_plus_AVG",415.77,154.25,4
"SDL_525","Block_5","d10","Pi_Starv_GR24_plus_AVG",430.12,147.98,4
"SDL_526","Block_5","d10","Pi_Starv_GR24_plus_AVG",389.92,157.21,5
"SDL_527","Block_5","d10","Pi_Starv_GR24_plus_AVG",373.37,158.22,2
"SDL_528","Block_5","d10","Pi_Starv_GR24_plus_AVG",415.12,151.9,3
"SDL_529","Block_5","d14","Control_Pi_Replete",209.24,112.78,14
"SDL_530","Block_5","d14","Control_Pi_Replete",257.2,117.74,12
"SDL_531","Block_5","d14","Control_Pi_Replete",228.26,111.61,13
"SDL_532","Block_5","d14","Control_Pi_Replete",224.87,107.85,7
"SDL_533","Block_5","d14","Control_Pi_Replete",248.95,108.05,13
"SDL_534","Block_5","d14","Control_Pi_Replete",205.21,107.38,10
"SDL_535","Block_5","d14","Pi_Starvation",277.61,112.59,11
"SDL_536","Block_5","d14","Pi_Starvation",266.06,117.25,11
"SDL_537","Block_5","d14","Pi_Starvation",280.21,124.7,12
"SDL_538","Block_5","d14","Pi_Starvation",271.59,115.24,9
"SDL_539","Block_5","d14","Pi_Starvation",258.73,123.61,10
"SDL_540","Block_5","d14","Pi_Starvation",262.96,103.92,16
"SDL_541","Block_5","d14","Pi_Starv_plus_GR24",269.73,119.94,8
"SDL_542","Block_5","d14","Pi_Starv_plus_GR24",254.41,112.58,8
"SDL_543","Block_5","d14","Pi_Starv_plus_GR24",267.99,115.1,14
"SDL_544","Block_5","d14","Pi_Starv_plus_GR24",255.75,107.03,5
"SDL_545","Block_5","d14","Pi_Starv_plus_GR24",247.77,108.73,9
"SDL_546","Block_5","d14","Pi_Starv_plus_GR24",277.66,106.56,9
"SDL_547","Block_5","d14","Pi_Starv_GR24_plus_AVG",279.9,109.62,10
"SDL_548","Block_5","d14","Pi_Starv_GR24_plus_AVG",247.18,110.08,9
"SDL_549","Block_5","d14","Pi_Starv_GR24_plus_AVG",201.32,113.04,7
"SDL_550","Block_5","d14","Pi_Starv_GR24_plus_AVG",255.04,115.59,4
"SDL_551","Block_5","d14","Pi_Starv_GR24_plus_AVG",234.65,115.4,12
"SDL_552","Block_5","d14","Pi_Starv_GR24_plus_AVG",225.95,115,7
"SDL_553","Block_5","d53","Control_Pi_Replete",225.33,112.21,11
"SDL_554","Block_5","d53","Control_Pi_Replete",176.91,98.2,4
"SDL_555","Block_5","d53","Control_Pi_Replete",247.72,106.86,10
"SDL_556","Block_5","d53","Control_Pi_Replete",210.71,119.82,8
"SDL_557","Block_5","d53","Control_Pi_Replete",215.77,101.97,6
"SDL_558","Block_5","d53","Control_Pi_Replete",250.02,101.12,13
"SDL_559","Block_5","d53","Pi_Starvation",265.18,106.22,11
"SDL_560","Block_5","d53","Pi_Starvation",253.82,108.76,11
"SDL_561","Block_5","d53","Pi_Starvation",222.55,123.33,11
"SDL_562","Block_5","d53","Pi_Starvation",252.46,108.17,14
"SDL_563","Block_5","d53","Pi_Starvation",228.88,120.45,15
"SDL_564","Block_5","d53","Pi_Starvation",245.39,109.3,8
"SDL_565","Block_5","d53","Pi_Starv_plus_GR24",212.85,117.13,5
"SDL_566","Block_5","d53","Pi_Starv_plus_GR24",246,124.34,10
"SDL_567","Block_5","d53","Pi_Starv_plus_GR24",274.08,116.28,6
"SDL_568","Block_5","d53","Pi_Starv_plus_GR24",249.62,121.53,12
"SDL_569","Block_5","d53","Pi_Starv_plus_GR24",275.39,110.83,12
"SDL_570","Block_5","d53","Pi_Starv_plus_GR24",237.37,107.97,11
"SDL_571","Block_5","d53","Pi_Starv_GR24_plus_AVG",218.16,111.53,12
"SDL_572","Block_5","d53","Pi_Starv_GR24_plus_AVG",240.88,116.2,5
"SDL_573","Block_5","d53","Pi_Starv_GR24_plus_AVG",212.6,107.65,11
"SDL_574","Block_5","d53","Pi_Starv_GR24_plus_AVG",238.5,111.78,11
"SDL_575","Block_5","d53","Pi_Starv_GR24_plus_AVG",226.5,103.49,8
"SDL_576","Block_5","d53","Pi_Starv_GR24_plus_AVG",239.11,118.34,7
"SDL_577","Block_5","ein2","Control_Pi_Replete",211.5,111.47,9
"SDL_578","Block_5","ein2","Control_Pi_Replete",194.43,116.68,11
"SDL_579","Block_5","ein2","Control_Pi_Replete",233.49,110.11,9
"SDL_580","Block_5","ein2","Control_Pi_Replete",201.36,119.09,9
"SDL_581","Block_5","ein2","Control_Pi_Replete",201.57,114.45,8
"SDL_582","Block_5","ein2","Control_Pi_Replete",231.19,110.85,12
"SDL_583","Block_5","ein2","Pi_Starvation",339.92,142.81,5
"SDL_584","Block_5","ein2","Pi_Starvation",337.48,148.1,7
"SDL_585","Block_5","ein2","Pi_Starvation",358.65,156.73,3
"SDL_586","Block_5","ein2","Pi_Starvation",322.49,151.33,6
"SDL_587","Block_5","ein2","Pi_Starvation",330.07,139.99,3
"SDL_588","Block_5","ein2","Pi_Starvation",340.58,161.98,5
"SDL_589","Block_5","ein2","Pi_Starv_plus_GR24",387.83,148.35,2
"SDL_590","Block_5","ein2","Pi_Starv_plus_GR24",355.23,155.84,4
"SDL_591","Block_5","ein2","Pi_Starv_plus_GR24",379.45,152.93,4
"SDL_592","Block_5","ein2","Pi_Starv_plus_GR24",385.61,155.86,5
"SDL_593","Block_5","ein2","Pi_Starv_plus_GR24",388.35,159.91,7
"SDL_594","Block_5","ein2","Pi_Starv_plus_GR24",390.03,157.73,7
"SDL_595","Block_5","ein2","Pi_Starv_GR24_plus_AVG",340.81,167.43,2
"SDL_596","Block_5","ein2","Pi_Starv_GR24_plus_AVG",367.56,162.63,1
"SDL_597","Block_5","ein2","Pi_Starv_GR24_plus_AVG",359.69,151.41,5
"SDL_598","Block_5","ein2","Pi_Starv_GR24_plus_AVG",351.43,158.52,6
"SDL_599","Block_5","ein2","Pi_Starv_GR24_plus_AVG",332.42,154.37,2
"SDL_600","Block_5","ein2","Pi_Starv_GR24_plus_AVG",376.38,149.85,5
"SDL_601","Block_6","WT","Control_Pi_Replete",238.2,102.26,10
"SDL_602","Block_6","WT","Control_Pi_Replete",257.69,109.26,7
"SDL_603","Block_6","WT","Control_Pi_Replete",244.45,102.37,8
"SDL_604","Block_6","WT","Control_Pi_Replete",262.99,103.64,9
"SDL_605","Block_6","WT","Control_Pi_Replete",248.73,110.76,4
"SDL_606","Block_6","WT","Control_Pi_Replete",239.37,109.49,5
"SDL_607","Block_6","WT","Pi_Starvation",467.48,152.54,2
"SDL_608","Block_6","WT","Pi_Starvation",527.74,145.65,6
"SDL_609","Block_6","WT","Pi_Starvation",489.82,160.24,3
"SDL_610","Block_6","WT","Pi_Starvation",523.95,149.36,5
"SDL_611","Block_6","WT","Pi_Starvation",508.95,150.27,4
"SDL_612","Block_6","WT","Pi_Starvation",494.09,143.69,3
"SDL_613","Block_6","WT","Pi_Starv_plus_GR24",535.23,155.12,4
"SDL_614","Block_6","WT","Pi_Starv_plus_GR24",556.61,155.78,3
"SDL_615","Block_6","WT","Pi_Starv_plus_GR24",522.48,154.52,8
"SDL_616","Block_6","WT","Pi_Starv_plus_GR24",526.59,150.93,2
"SDL_617","Block_6","WT","Pi_Starv_plus_GR24",545.6,156.35,0
"SDL_618","Block_6","WT","Pi_Starv_plus_GR24",543.55,153.18,6
"SDL_619","Block_6","WT","Pi_Starv_GR24_plus_AVG",425.21,157.79,7
"SDL_620","Block_6","WT","Pi_Starv_GR24_plus_AVG",417.71,156.72,5
"SDL_621","Block_6","WT","Pi_Starv_GR24_plus_AVG",413.02,146.69,6
"SDL_622","Block_6","WT","Pi_Starv_GR24_plus_AVG",394.52,151.69,9
"SDL_623","Block_6","WT","Pi_Starv_GR24_plus_AVG",390.32,148.63,2
"SDL_624","Block_6","WT","Pi_Starv_GR24_plus_AVG",399.03,146.61,8
"SDL_625","Block_6","d10","Control_Pi_Replete",269.28,111.04,12
"SDL_626","Block_6","d10","Control_Pi_Replete",243.77,100.52,11
"SDL_627","Block_6","d10","Control_Pi_Replete",256.39,115,7
"SDL_628","Block_6","d10","Control_Pi_Replete",250.91,107,9
"SDL_629","Block_6","d10","Control_Pi_Replete",234.25,104.27,9
"SDL_630","Block_6","d10","Control_Pi_Replete",232.2,108.32,12
"SDL_631","Block_6","d10","Pi_Starvation",277.27,111.47,10
"SDL_632","Block_6","d10","Pi_Starvation",239.47,110.03,16
"SDL_633","Block_6","d10","Pi_Starvation",270.1,114.08,11
"SDL_634","Block_6","d10","Pi_Starvation",264.77,105.47,14
"SDL_635","Block_6","d10","Pi_Starvation",275.24,113.63,12
"SDL_636","Block_6","d10","Pi_Starvation",268.16,111.3,11
"SDL_637","Block_6","d10","Pi_Starv_plus_GR24",545.41,152.77,0
"SDL_638","Block_6","d10","Pi_Starv_plus_GR24",535.2,145.34,5
"SDL_639","Block_6","d10","Pi_Starv_plus_GR24",556.26,152.08,4
"SDL_640","Block_6","d10","Pi_Starv_plus_GR24",553.48,144.22,2
"SDL_641","Block_6","d10","Pi_Starv_plus_GR24",560.2,156.58,3
"SDL_642","Block_6","d10","Pi_Starv_plus_GR24",523.97,153.85,9
"SDL_643","Block_6","d10","Pi_Starv_GR24_plus_AVG",434.58,147.85,4
"SDL_644","Block_6","d10","Pi_Starv_GR24_plus_AVG",388.58,151.02,6
"SDL_645","Block_6","d10","Pi_Starv_GR24_plus_AVG",429.4,147.82,4
"SDL_646","Block_6","d10","Pi_Starv_GR24_plus_AVG",408.45,147.55,6
"SDL_647","Block_6","d10","Pi_Starv_GR24_plus_AVG",393.86,155.37,5
"SDL_648","Block_6","d10","Pi_Starv_GR24_plus_AVG",387.25,141.95,7
"SDL_649","Block_6","d14","Control_Pi_Replete",264.97,105.65,8
"SDL_650","Block_6","d14","Control_Pi_Replete",259.37,101.89,14
"SDL_651","Block_6","d14","Control_Pi_Replete",297.89,110.41,10
"SDL_652","Block_6","d14","Control_Pi_Replete",239.13,100.71,12
"SDL_653","Block_6","d14","Control_Pi_Replete",263.51,104.93,9
"SDL_654","Block_6","d14","Control_Pi_Replete",229.77,99.41,12
"SDL_655","Block_6","d14","Pi_Starvation",225.61,105.51,7
"SDL_656","Block_6","d14","Pi_Starvation",251.63,105.9,9
"SDL_657","Block_6","d14","Pi_Starvation",246.02,110.77,12
"SDL_658","Block_6","d14","Pi_Starvation",262.47,118.15,11
"SDL_659","Block_6","d14","Pi_Starvation",237.83,106.33,3
"SDL_660","Block_6","d14","Pi_Starvation",284.41,104.23,13
"SDL_661","Block_6","d14","Pi_Starv_plus_GR24",279.28,112.94,9
"SDL_662","Block_6","d14","Pi_Starv_plus_GR24",273.29,106.57,6
"SDL_663","Block_6","d14","Pi_Starv_plus_GR24",249.49,114.96,8
"SDL_664","Block_6","d14","Pi_Starv_plus_GR24",268.49,108.59,11
"SDL_665","Block_6","d14","Pi_Starv_plus_GR24",277.24,112.71,6
"SDL_666","Block_6","d14","Pi_Starv_plus_GR24",289.3,114.06,16
"SDL_667","Block_6","d14","Pi_Starv_GR24_plus_AVG",252.23,109.22,7
"SDL_668","Block_6","d14","Pi_Starv_GR24_plus_AVG",267.45,113.61,9
"SDL_669","Block_6","d14","Pi_Starv_GR24_plus_AVG",257.03,114.73,6
"SDL_670","Block_6","d14","Pi_Starv_GR24_plus_AVG",265.71,95.78,9
"SDL_671","Block_6","d14","Pi_Starv_GR24_plus_AVG",234.18,116.55,7
"SDL_672","Block_6","d14","Pi_Starv_GR24_plus_AVG",246.7,108.15,12
"SDL_673","Block_6","d53","Control_Pi_Replete",230.78,109.62,12
"SDL_674","Block_6","d53","Control_Pi_Replete",260.12,99.94,11
"SDL_675","Block_6","d53","Control_Pi_Replete",277.04,95.43,13
"SDL_676","Block_6","d53","Control_Pi_Replete",253.92,96.89,10
"SDL_677","Block_6","d53","Control_Pi_Replete",209.32,102.7,9
"SDL_678","Block_6","d53","Control_Pi_Replete",250.01,103.43,13
"SDL_679","Block_6","d53","Pi_Starvation",244.1,106.91,11
"SDL_680","Block_6","d53","Pi_Starvation",295.38,107.49,8
"SDL_681","Block_6","d53","Pi_Starvation",315.13,103.02,13
"SDL_682","Block_6","d53","Pi_Starvation",264.85,112.41,6
"SDL_683","Block_6","d53","Pi_Starvation",260.45,113.36,16
"SDL_684","Block_6","d53","Pi_Starvation",279.33,117.12,21
"SDL_685","Block_6","d53","Pi_Starv_plus_GR24",220.15,105.3,7
"SDL_686","Block_6","d53","Pi_Starv_plus_GR24",286.3,104.82,12
"SDL_687","Block_6","d53","Pi_Starv_plus_GR24",243.28,118.08,12
"SDL_688","Block_6","d53","Pi_Starv_plus_GR24",257.8,108.97,6
"SDL_689","Block_6","d53","Pi_Starv_plus_GR24",279.91,103.9,10
"SDL_690","Block_6","d53","Pi_Starv_plus_GR24",271.16,114.17,8
"SDL_691","Block_6","d53","Pi_Starv_GR24_plus_AVG",259.46,113.1,11
"SDL_692","Block_6","d53","Pi_Starv_GR24_plus_AVG",236.27,107.84,13
"SDL_693","Block_6","d53","Pi_Starv_GR24_plus_AVG",268.01,109.24,12
"SDL_694","Block_6","d53","Pi_Starv_GR24_plus_AVG",276.87,108.3,12
"SDL_695","Block_6","d53","Pi_Starv_GR24_plus_AVG",286.04,109.67,13
"SDL_696","Block_6","d53","Pi_Starv_GR24_plus_AVG",251.65,107.09,5
"SDL_697","Block_6","ein2","Control_Pi_Replete",215.42,112.45,12
"SDL_698","Block_6","ein2","Control_Pi_Replete",223.4,104.38,10
"SDL_699","Block_6","ein2","Control_Pi_Replete",226.14,110.75,8
"SDL_700","Block_6","ein2","Control_Pi_Replete",198.23,113.93,9
"SDL_701","Block_6","ein2","Control_Pi_Replete",235.04,109.63,4
"SDL_702","Block_6","ein2","Control_Pi_Replete",199.9,112.09,13
"SDL_703","Block_6","ein2","Pi_Starvation",348.84,143.52,6
"SDL_704","Block_6","ein2","Pi_Starvation",332.74,143.02,4
"SDL_705","Block_6","ein2","Pi_Starvation",378.67,151.19,2
"SDL_706","Block_6","ein2","Pi_Starvation",314.59,146.42,4
"SDL_707","Block_6","ein2","Pi_Starvation",360.97,150.35,4
"SDL_708","Block_6","ein2","Pi_Starvation",363.3,145.17,3
"SDL_709","Block_6","ein2","Pi_Starv_plus_GR24",388.43,149.84,3
"SDL_710","Block_6","ein2","Pi_Starv_plus_GR24",377.79,151.69,2
"SDL_711","Block_6","ein2","Pi_Starv_plus_GR24",403.93,155.02,5
"SDL_712","Block_6","ein2","Pi_Starv_plus_GR24",400.31,150.08,8
"SDL_713","Block_6","ein2","Pi_Starv_plus_GR24",385.93,154.52,1
"SDL_714","Block_6","ein2","Pi_Starv_plus_GR24",396.52,148.75,3
"SDL_715","Block_6","ein2","Pi_Starv_GR24_plus_AVG",390.2,155.76,4
"SDL_716","Block_6","ein2","Pi_Starv_GR24_plus_AVG",388.9,152.64,2
"SDL_717","Block_6","ein2","Pi_Starv_GR24_plus_AVG",363.96,156.65,7
"SDL_718","Block_6","ein2","Pi_Starv_GR24_plus_AVG",380.97,152.77,2
"SDL_719","Block_6","ein2","Pi_Starv_GR24_plus_AVG",358.66,145.65,0
"SDL_720","Block_6","ein2","Pi_Starv_GR24_plus_AVG",375.59,154.56,6
