index,Season_ID,Hardpan_Class,Block_ID,Plot_ID,Treatment,Baseline_ECe_0_30,Post_ECe_0_30,ECe_Change,Desalination_Fraction,Leaching_Water_mm,Yield_Mg_ha_Std,Log_Yield,NO3_Below60_Baseline,NO3_Below60_Post,NO3_Below60_Change,Primary_ECe_Inclusion,Primary_Yield_Inclusion,Water_Test_Eligible,Data_Status
0,S1,H1,S1_H1_B01,S1_H1_B01_P1,H-VR,7.54,3.67,-3.87,0.513262599469496,169.9,5.2423,1.6567603333284977,72.525,90.47,17.944999999999993,YES,YES,YES,Valid
1,S1,H1,S1_H1_B01,S1_H1_B01_P2,S-VR,7.48,3.98,-3.5000000000000004,0.4679144385026738,156.51,5.1868,1.646116936692592,66.921,82.872,15.950999999999992,YES,YES,YES,Valid
2,S1,H1,S1_H1_B01,S1_H1_B01_P3,U-FIELD,6.7,3.77,-2.93,0.4373134328358209,143.06,5.2196,1.6524207706059546,73.86199999999998,89.84,15.978000000000009,YES,YES,YES,Valid
3,S1,H1,S1_H1_B02,S1_H1_B02_P1,H-VR,7.36,3.79,-3.5700000000000003,0.4850543478260869,158.24,4.5854,1.5228773429064246,65.816,82.91599999999998,17.099999999999994,YES,YES,YES,Valid
4,S1,H1,S1_H1_B02,S1_H1_B02_P2,U-FIELD,7.64,4.27,-3.37,0.4410994764397905,145.66,4.8656,1.582190037940963,63.426,79.827,16.400999999999996,YES,YES,YES,Valid
5,S1,H1,S1_H1_B02,S1_H1_B02_P3,S-VR,7.33,4.08,-3.25,0.4433833560709413,149.82,4.674,1.5420152361166664,72.199,88.012,15.813000000000002,YES,YES,YES,Valid
6,S1,H1,S1_H1_B03,S1_H1_B03_P1,S-VR,7.25,4.02,-3.2300000000000004,0.4455172413793104,147.82,5.3891,1.6843783950976197,74.062,89.739,15.677000000000008,YES,YES,YES,Valid
7,S1,H1,S1_H1_B03,S1_H1_B03_P2,H-VR,7.33,3.66,-3.67,0.500682128240109,159.11,4.5948,1.5249252292891122,66.762,82.88599999999998,16.123999999999995,YES,YES,YES,Valid
8,S1,H1,S1_H1_B03,S1_H1_B03_P3,U-FIELD,7.22,4.06,-3.16,0.4376731301939058,144.53,5.1177,1.6327051193724464,66.334,80.952,14.617999999999997,YES,YES,YES,Valid
9,S1,H1,S1_H1_B04,S1_H1_B04_P1,U-FIELD,7.61,4.15,-3.46,0.4546649145860709,143.82,5.9203,1.7783871232876214,67.142,82.07,14.927999999999995,YES,YES,YES,Valid
10,S1,H1,S1_H1_B04,S1_H1_B04_P2,H-VR,7.16,3.71,-3.45,0.4818435754189944,155.2,5.4494,1.6955055108714927,76.566,91.616,15.049999999999995,YES,YES,YES,Valid
11,S1,H1,S1_H1_B04,S1_H1_B04_P3,S-VR,7.71,3.99,-3.72,0.4824902723735408,161.91,4.8407,1.5770593383700786,77.179,93.259,16.08,YES,YES,YES,Valid
12,S1,H1,S1_H1_B05,S1_H1_B05_P1,H-VR,7.02,3.73,-3.29,0.4686609686609686,147.76,5.6086,1.724301134023531,71.26,85.92799999999998,14.667999999999992,YES,YES,YES,Valid
13,S1,H1,S1_H1_B05,S1_H1_B05_P2,U-FIELD,7.48,4.2,-3.28,0.4385026737967914,143.91,5.6045,1.723569846479013,67.21,82.646,15.436000000000009,YES,YES,YES,Valid
14,S1,H1,S1_H1_B05,S1_H1_B05_P3,S-VR,7.89,4.17,-3.72,0.4714828897338402,165.91,5.5149,1.707453520174799,69.564,87.25,17.686000000000007,YES,YES,YES,Valid
15,S1,H1,S1_H1_B06,S1_H1_B06_P1,H-VR,7.29,3.67,-3.62,0.4965706447187928,160.7,5.7884,1.7558559148817006,74.063,91.239,17.176000000000002,YES,YES,YES,Valid
16,S1,H1,S1_H1_B06,S1_H1_B06_P2,U-FIELD,7.08,4.02,-3.0600000000000005,0.4322033898305085,145.1,5.441,1.6939628675037883,60.678,74.443,13.765,YES,YES,YES,Valid
17,S1,H1,S1_H1_B06,S1_H1_B06_P3,S-VR,7.67,4.12,-3.55,0.4628422425032594,163.36,5.1168,1.632529243657498,74.012,90.544,16.531999999999996,YES,YES,YES,Valid
18,S1,H1,S1_H1_B07,S1_H1_B07_P1,H-VR,6.73,3.74,-2.99,0.4442793462109955,139.49,4.7243,1.5527194018225372,69.726,85.098,15.372,YES,YES,YES,Valid
19,S1,H1,S1_H1_B07,S1_H1_B07_P2,S-VR,7.19,4.09,-3.1000000000000005,0.4311543810848401,144.12,5.3598,1.6789266609537112,66.114,80.643,14.528999999999996,YES,YES,YES,Valid
20,S1,H1,S1_H1_B07,S1_H1_B07_P3,U-FIELD,6.87,3.94,-2.93,0.4264919941775837,142.03,5.6585,1.7331588394238593,80.805,95.955,15.149999999999991,YES,YES,YES,Valid
21,S1,H1,S1_H1_B08,S1_H1_B08_P1,U-FIELD,7.33,4.06,-3.2700000000000005,0.4461118690313779,144.04,5.4211,1.690298746889098,70.323,85.254,14.931000000000012,YES,YES,YES,Valid
22,S1,H1,S1_H1_B08,S1_H1_B08_P2,H-VR,7.4,3.75,-3.65,0.4932432432432432,160.56,5.1221,1.6335645112103343,69.074,86.46599999999998,17.391999999999996,YES,YES,YES,Valid
23,S1,H1,S1_H1_B08,S1_H1_B08_P3,S-VR,7.29,4.11,-3.18,0.4362139917695472,148.74,4.703,1.548200602962911,73.13599999999998,89.726,16.590000000000003,YES,YES,YES,Valid
24,S1,H1,S1_H1_B09,S1_H1_B09_P1,S-VR,7.39,4.12,-3.27,0.4424898511502029,152.65,4.9553,1.6004577108533198,72.302,88.333,16.03099999999999,YES,YES,YES,Valid
25,S1,H1,S1_H1_B09,S1_H1_B09_P2,H-VR,7.01,3.83,-3.18,0.4536376604850213,146.09,5.3821,1.6830786325854628,65.485,81.123,15.638000000000003,YES,YES,YES,Valid
26,S1,H1,S1_H1_B09,S1_H1_B09_P3,U-FIELD,7.46,4.22,-3.24,0.4343163538873994,142.86,5.5459,1.7130589160176826,73.44799999999998,87.992,14.544000000000011,YES,YES,YES,Valid
27,S1,H1,S1_H1_B10,S1_H1_B10_P1,H-VR,6.92,3.7,-3.22,0.4653179190751444,143.74,5.1659,1.6420793371498623,65.244,80.447,15.203000000000005,YES,YES,YES,Valid
28,S1,H1,S1_H1_B10,S1_H1_B10_P2,U-FIELD,8.05,4.64,-3.410000000000001,0.4236024844720497,143.59,5.2315,1.654698043838965,67.471,82.959,15.488,YES,YES,YES,Valid
29,S1,H1,S1_H1_B10,S1_H1_B10_P3,S-VR,7.11,3.95,-3.16,0.4444444444444444,142.57,5.1267,1.6344621773388357,76.57599999999998,91.35100000000001,14.775000000000006,YES,YES,YES,Valid
30,S1,H1,S1_H1_B11,S1_H1_B11_P1,S-VR,7.0,4.12,-2.88,0.4114285714285714,137.76,4.8527,1.5795352510797869,72.441,86.834,14.393,YES,YES,YES,Valid
31,S1,H1,S1_H1_B11,S1_H1_B11_P2,U-FIELD,7.19,4.07,-3.12,0.4339360222531293,144.03,5.3986,1.686139660697478,69.15,85.238,16.087999999999994,YES,YES,YES,Valid
32,S1,H1,S1_H1_B11,S1_H1_B11_P3,H-VR,6.67,3.72,-2.95,0.4422788605697151,135.39,5.0925,1.627768869118824,68.266,83.06399999999998,14.797999999999988,YES,YES,YES,Valid
33,S1,H2,S1_H2_B01,S1_H2_B01_P1,S-VR,6.04,3.91,-2.13,0.3526490066225165,101.53,5.1639,1.6416921079634328,58.479,74.387,15.908,YES,YES,YES,Valid
34,S1,H2,S1_H2_B01,S1_H2_B01_P2,U-FIELD,7.12,4.04,-3.08,0.4325842696629213,144.25,5.7427,1.7479294830112038,71.477,94.904,23.426999999999992,YES,YES,YES,Valid
35,S1,H2,S1_H2_B01,S1_H2_B01_P3,H-VR,6.8,3.65,-3.15,0.463235294117647,132.11,4.9781,1.6050482921325426,70.039,91.501,21.462000000000003,YES,YES,YES,Valid
36,S1,H2,S1_H2_B02,S1_H2_B02_P1,S-VR,6.67,3.85,-2.82,0.4227886056971514,125.57,5.4862,1.7022358482854525,70.779,90.983,20.204000000000008,YES,YES,YES,Valid
37,S1,H2,S1_H2_B02,S1_H2_B02_P2,U-FIELD,5.92,3.28,-2.64,0.445945945945946,144.28,5.344,1.6759744362343447,73.35899999999998,98.588,25.229,YES,YES,YES,Valid
38,S1,H2,S1_H2_B02,S1_H2_B02_P3,H-VR,6.7,3.75,-2.95,0.4402985074626865,126.31,5.4465,1.6949732005403633,67.314,87.43399999999998,20.120000000000005,YES,YES,YES,Valid
39,S1,H2,S1_H2_B03,S1_H2_B03_P1,H-VR,6.64,3.71,-2.93,0.4412650602409638,125.29,5.3313,1.6735951108774132,63.267,84.18899999999998,20.92199999999999,YES,YES,YES,Valid
40,S1,H2,S1_H2_B03,S1_H2_B03_P2,U-FIELD,6.48,3.54,-2.9400000000000004,0.4537037037037037,144.67,5.5872,1.7204782672230914,63.206,86.882,23.676,YES,YES,YES,Valid
41,S1,H2,S1_H2_B03,S1_H2_B03_P3,S-VR,6.75,3.9,-2.85,0.4222222222222222,129.05,5.1629,1.641498437125782,71.419,94.698,23.279,YES,YES,YES,Valid
42,S1,H2,S1_H2_B04,S1_H2_B04_P1,U-FIELD,6.79,3.71,-3.08,0.4536082474226804,144.26,5.5158,1.7076167011156267,70.781,93.234,22.45299999999999,YES,YES,YES,Valid
43,S1,H2,S1_H2_B04,S1_H2_B04_P2,S-VR,6.56,3.92,-2.64,0.4024390243902438,123.11,5.3681,1.6804740284079362,73.194,94.773,21.578999999999997,YES,YES,YES,Valid
44,S1,H2,S1_H2_B04,S1_H2_B04_P3,H-VR,6.46,3.67,-2.79,0.4318885448916408,118.2,5.1223,1.6336035569328806,70.748,92.29,21.542,YES,YES,YES,Valid
45,S1,H2,S1_H2_B05,S1_H2_B05_P1,H-VR,6.04,3.75,-2.29,0.3791390728476821,102.1,5.4706,1.699388299632362,60.335,76.43399999999998,16.098999999999997,YES,YES,YES,Valid
46,S1,H2,S1_H2_B05,S1_H2_B05_P2,S-VR,5.76,4.0,-1.7599999999999998,0.3055555555555555,89.58,5.4552,1.696569282224306,69.46,84.203,14.743000000000007,YES,YES,YES,Valid
47,S1,H2,S1_H2_B05,S1_H2_B05_P3,U-FIELD,6.53,3.62,-2.91,0.445635528330781,143.95,5.6689,1.7349950953912052,69.053,93.398,24.345,YES,YES,YES,Valid
48,S1,H2,S1_H2_B06,S1_H2_B06_P1,S-VR,6.5,3.86,-2.64,0.4061538461538462,120.28,5.3872,1.684025769424673,71.583,91.475,19.892,YES,YES,YES,Valid
49,S1,H2,S1_H2_B06,S1_H2_B06_P2,H-VR,6.46,3.84,-2.62,0.4055727554179566,117.74,5.2252,1.6534930746302712,61.408,80.86499999999998,19.456999999999997,YES,YES,YES,Valid
50,S1,H2,S1_H2_B06,S1_H2_B06_P3,U-FIELD,6.83,3.68,-3.15,0.4612005856515373,145.21,5.6672,1.7346951686063774,66.626,90.672,24.045999999999992,YES,YES,YES,Valid
51,S1,H2,S1_H2_B07,S1_H2_B07_P1,S-VR,6.94,3.88,-3.0600000000000005,0.4409221902017291,133.44,5.38,1.682688374173693,56.024,78.626,22.602000000000004,YES,YES,YES,Valid
52,S1,H2,S1_H2_B07,S1_H2_B07_P2,U-FIELD,6.53,3.58,-2.95,0.4517611026033691,144.28,5.7083,1.7419212560470716,59.807,84.028,24.221000000000004,YES,YES,YES,Valid
53,S1,H2,S1_H2_B07,S1_H2_B07_P3,H-VR,5.76,3.75,-2.01,0.3489583333333333,89.42,5.2531,1.658818378531538,73.11,88.17199999999998,15.061999999999998,YES,YES,YES,Valid
54,S1,H2,S1_H2_B08,S1_H2_B08_P1,U-FIELD,6.59,3.56,-3.03,0.4597875569044006,144.13,5.3293,1.6732198974703885,77.315,102.582,25.267,YES,YES,YES,Valid
55,S1,H2,S1_H2_B08,S1_H2_B08_P2,S-VR,6.43,4.01,-2.42,0.3763608087091757,116.65,5.4827,1.7015976803527002,67.46,86.878,19.418000000000006,YES,YES,YES,Valid
56,S1,H2,S1_H2_B08,S1_H2_B08_P3,H-VR,6.83,3.7,-3.13,0.4582723279648608,132.24,5.2026,1.6491585006290328,73.685,96.552,22.867000000000004,YES,YES,YES,Valid
57,S1,H2,S1_H2_B09,S1_H2_B09_P1,S-VR,6.59,3.87,-2.72,0.4127465857359635,123.61,4.894,1.58800996502048,64.848,84.507,19.65900000000001,YES,YES,YES,Valid
58,S1,H2,S1_H2_B09,S1_H2_B09_P2,H-VR,6.16,3.71,-2.45,0.3977272727272727,107.63,5.1645,1.6418082924645512,67.618,85.46,17.842,YES,YES,YES,Valid
59,S1,H2,S1_H2_B09,S1_H2_B09_P3,U-FIELD,7.16,3.95,-3.21,0.4483240223463687,144.76,5.2307,1.6545451123328647,63.464,87.605,24.141000000000005,YES,YES,YES,Valid
60,S1,H2,S1_H2_B10,S1_H2_B10_P1,U-FIELD,6.35,3.41,-2.9399999999999995,0.4629921259842519,144.59,5.4893,1.7028007428383083,60.75,82.96299999999998,22.212999999999997,YES,YES,YES,Valid
61,S1,H2,S1_H2_B10,S1_H2_B10_P2,H-VR,6.37,3.76,-2.6100000000000003,0.4097331240188383,113.79,5.5484,1.713509597906998,72.321,91.039,18.718000000000004,YES,YES,YES,Valid
62,S1,H2,S1_H2_B10,S1_H2_B10_P3,S-VR,6.39,3.84,-2.55,0.3990610328638497,114.9,5.3983,1.6860840891908273,70.006,88.962,18.956000000000003,YES,YES,YES,Valid
63,S1,H2,S1_H2_B11,S1_H2_B11_P1,S-VR,6.98,3.89,-3.0900000000000003,0.4426934097421203,137.01,5.3571,1.6784227838890518,68.911,90.477,21.566000000000003,YES,YES,YES,Valid
64,S1,H2,S1_H2_B11,S1_H2_B11_P2,H-VR,6.14,3.74,-2.3999999999999995,0.3908794788273615,107.75,5.2359,1.6555387493167637,79.161,97.525,18.364000000000004,YES,YES,YES,Valid
65,S1,H2,S1_H2_B11,S1_H2_B11_P3,U-FIELD,6.4,3.49,-2.91,0.4546875,144.27,5.6751,1.7360881843575902,64.619,89.427,24.808000000000007,YES,YES,YES,Valid
66,S1,H3,S1_H3_B01,S1_H3_B01_P1,H-VR,5.54,3.8,-1.7400000000000002,0.3140794223826715,72.31999999999998,5.1915,1.6470226727613717,66.894,83.61,16.715999999999994,YES,YES,YES,Valid
67,S1,H3,S1_H3_B01,S1_H3_B01_P2,U-FIELD,6.13,3.08,-3.05,0.497553017944535,144.03,4.9429,1.5979522034910076,74.63599999999998,107.48,32.84400000000001,YES,YES,YES,Valid
68,S1,H3,S1_H3_B01,S1_H3_B01_P3,S-VR,5.47,3.68,-1.7899999999999996,0.3272394881170017,77.17,5.677,1.7364229241885891,60.228,77.699,17.470999999999997,YES,YES,YES,Valid
69,S1,H3,S1_H3_B02,S1_H3_B02_P1,S-VR,6.2,3.74,-2.46,0.396774193548387,107.47,5.6623,1.7338301700970833,68.049,90.929,22.879999999999995,YES,YES,YES,Valid
70,S1,H3,S1_H3_B02,S1_H3_B02_P2,U-FIELD,5.11,2.58,-2.53,0.4951076320939334,144.66,4.9733,1.6040836036721753,63.341,94.974,31.633000000000003,YES,YES,YES,Valid
71,S1,H3,S1_H3_B02,S1_H3_B02_P3,H-VR,5.32,3.71,-1.6100000000000003,0.3026315789473684,62.45,5.2859,1.665042898106822,73.76399999999998,87.655,13.891000000000004,YES,YES,YES,Valid
72,S1,H3,S1_H3_B03,S1_H3_B03_P1,S-VR,5.78,3.75,-2.03,0.3512110726643599,91.21,4.7017,1.5479241454452273,67.101,88.549,21.448000000000008,YES,YES,YES,Valid
73,S1,H3,S1_H3_B03,S1_H3_B03_P2,H-VR,5.59,3.75,-1.84,0.3291592128801431,73.65,6.0448,1.7991983983250537,74.86499999999998,89.82,14.954999999999998,YES,YES,YES,Valid
74,S1,H3,S1_H3_B03,S1_H3_B03_P3,U-FIELD,6.06,3.09,-2.97,0.49009900990099,145.83,5.1254,1.634208570759312,67.947,101.48,33.533,YES,YES,YES,Valid
75,S1,H3,S1_H3_B04,S1_H3_B04_P1,S-VR,5.93,3.75,-2.18,0.3676222596964586,98.54,5.7947,1.7569437066854885,75.686,98.049,22.363,YES,YES,YES,Valid
76,S1,H3,S1_H3_B04,S1_H3_B04_P2,H-VR,5.83,3.85,-1.98,0.3396226415094339,82.46,5.3518,1.6774329529199083,63.086,79.682,16.596000000000004,YES,YES,YES,Valid
77,S1,H3,S1_H3_B04,S1_H3_B04_P3,U-FIELD,6.67,3.33,-3.34,0.5007496251874062,144.9,5.7421,1.7478249970818804,70.022,101.88,31.85799999999999,YES,YES,YES,Valid
78,S1,H3,S1_H3_B05,S1_H3_B05_P1,S-VR,5.71,3.83,-1.88,0.329246935201401,87.6,4.7562,1.559449030089028,69.146,87.97199999999998,18.825999999999997,YES,YES,YES,Valid
79,S1,H3,S1_H3_B05,S1_H3_B05_P2,H-VR,5.46,3.83,-1.63,0.2985347985347985,68.13,5.6569,1.732876038990704,65.313,80.625,15.311999999999998,YES,YES,YES,Valid
80,S1,H3,S1_H3_B05,S1_H3_B05_P3,U-FIELD,5.36,2.71,-2.6500000000000004,0.4944029850746268,144.51,5.2803,1.6639829142858966,66.868,98.424,31.556000000000008,YES,YES,YES,Valid
81,S1,H3,S1_H3_B06,S1_H3_B06_P1,S-VR,5.51,3.72,-1.7899999999999996,0.3248638838475498,79.38,4.8102,1.570738663294824,67.574,85.19499999999998,17.620999999999995,YES,YES,YES,Valid
82,S1,H3,S1_H3_B06,S1_H3_B06_P2,U-FIELD,6.01,2.98,-3.03,0.5041597337770382,144.84,5.8287,1.76279399093504,55.013,86.031,31.018000000000008,YES,YES,YES,Valid
83,S1,H3,S1_H3_B06,S1_H3_B06_P3,H-VR,5.53,3.81,-1.7200000000000002,0.3110307414104882,71.05,5.012,1.6118350370338217,65.681,82.15,16.46900000000001,YES,YES,YES,Valid
84,S1,H3,S1_H3_B07,S1_H3_B07_P1,H-VR,5.99,3.79,-2.2,0.3672787979966611,88.59,6.2303,1.8294244857330888,64.168,82.52899999999998,18.36099999999999,YES,YES,YES,Valid
85,S1,H3,S1_H3_B07,S1_H3_B07_P2,S-VR,5.47,3.79,-1.6799999999999995,0.3071297989031078,76.38,4.882,1.5855549719707682,78.68,96.669,17.98899999999999,YES,YES,YES,Valid
86,S1,H3,S1_H3_B07,S1_H3_B07_P3,U-FIELD,6.0,2.99,-3.01,0.5016666666666665,142.9,5.9536,1.7839960786102207,64.548,95.84,31.292,YES,YES,YES,Valid
87,S1,H3,S1_H3_B08,S1_H3_B08_P1,H-VR,5.25,3.71,-1.54,0.2933333333333333,59.95,5.1242,1.633974415279004,60.081,72.12699999999998,12.045999999999992,YES,YES,YES,Valid
88,S1,H3,S1_H3_B08,S1_H3_B08_P2,S-VR,5.5,3.8,-1.7000000000000002,0.3090909090909091,78.75,5.5172,1.7078704852192277,66.712,83.626,16.914,YES,YES,YES,Valid
89,S1,H3,S1_H3_B08,S1_H3_B08_P3,U-FIELD,5.53,2.77,-2.76,0.4990958408679928,143.54,5.6779,1.736581446060536,71.775,103.194,31.419,YES,YES,YES,Valid
90,S1,H3,S1_H3_B09,S1_H3_B09_P1,S-VR,5.15,3.79,-1.3600000000000003,0.2640776699029126,62.61,5.5818,1.7195113050204307,76.319,90.324,14.004999999999995,YES,YES,YES,Valid
91,S1,H3,S1_H3_B09,S1_H3_B09_P2,U-FIELD,5.59,2.8,-2.79,0.4991055456171735,143.73,4.8902,1.587233202445908,71.51,102.912,31.402,YES,YES,YES,Valid
92,S1,H3,S1_H3_B09,S1_H3_B09_P3,H-VR,5.72,3.87,-1.85,0.3234265734265733,79.06999999999998,5.5414,1.7122471764152376,59.168,77.805,18.637000000000008,YES,YES,YES,Valid
93,S1,H3,S1_H3_B10,S1_H3_B10_P1,U-FIELD,5.69,2.93,-2.76,0.48506151142355,145.51,5.7423,1.7478598269380368,61.93,91.387,29.457,YES,YES,YES,Valid
94,S1,H3,S1_H3_B10,S1_H3_B10_P2,S-VR,5.79,3.83,-1.96,0.3385146804835924,91.6,4.8198,1.5727324334256847,59.124,80.443,21.319,YES,YES,YES,Valid
95,S1,H3,S1_H3_B10,S1_H3_B10_P3,H-VR,5.3,3.86,-1.44,0.2716981132075471,61.42,5.8425,1.765158787430876,57.426,70.59,13.164,YES,YES,YES,Valid
96,S1,H3,S1_H3_B11,S1_H3_B11_P1,S-VR,5.62,3.7,-1.92,0.3416370106761565,83.76,5.7522,1.749582390328869,71.801,91.19,19.389,YES,YES,YES,Valid
97,S1,H3,S1_H3_B11,S1_H3_B11_P2,H-VR,5.52,3.73,-1.7899999999999996,0.3242753623188405,70.47,4.8126,1.5712374786187968,57.4,72.023,14.622999999999998,YES,YES,YES,Valid
98,S1,H3,S1_H3_B11,S1_H3_B11_P3,U-FIELD,5.49,2.76,-2.7300000000000004,0.4972677595628415,143.2,5.7469,1.7486605789914076,62.705,94.918,32.21300000000001,YES,YES,YES,Valid
99,S2,H1,S2_H1_B01,S2_H1_B01_P1,H-VR,6.86,3.71,-3.1500000000000004,0.4591836734693877,142.63,5.6855,1.7379190740826405,78.30299999999998,92.933,14.63000000000001,YES,YES,YES,Valid
100,S2,H1,S2_H1_B01,S2_H1_B01_P2,U-FIELD,7.0,3.86,-3.14,0.4485714285714285,147.19,5.0618,1.6217221512673197,70.806,87.027,16.221000000000004,YES,YES,YES,Valid
101,S2,H1,S2_H1_B01,S2_H1_B01_P3,S-VR,6.91,4.11,-2.8,0.4052098408104196,135.78,5.3157,1.6706647058499962,82.95399999999998,96.983,14.029000000000012,YES,YES,YES,Valid
102,S2,H1,S2_H1_B02,S2_H1_B02_P1,S-VR,8.29,4.12,-4.169999999999999,0.5030156815440288,179.02,4.8108,1.5708633904543243,65.71,86.061,20.351000000000013,YES,YES,YES,Valid
103,S2,H1,S2_H1_B02,S2_H1_B02_P2,H-VR,7.19,3.6,-3.5900000000000003,0.4993045897079276,154.33,5.5426,1.7124637047452065,76.596,93.774,17.177999999999997,YES,YES,YES,Valid
104,S2,H1,S2_H1_B02,S2_H1_B02_P3,U-FIELD,7.87,4.48,-3.39,0.4307496823379923,147.56,5.7436,1.7480861914380847,78.763,94.514,15.750999999999992,YES,YES,YES,Valid
105,S2,H1,S2_H1_B03,S2_H1_B03_P1,H-VR,7.5,3.77,-3.73,0.4973333333333333,164.27,5.4097,1.6881936384557583,79.381,96.641,17.260000000000005,YES,YES,YES,Valid
106,S2,H1,S2_H1_B03,S2_H1_B03_P2,S-VR,7.45,4.04,-3.41,0.4577181208053691,154.62,5.6345,1.7289084124102667,75.336,93.64,18.304,YES,YES,YES,Valid
107,S2,H1,S2_H1_B03,S2_H1_B03_P3,U-FIELD,7.87,4.44,-3.43,0.4358322744599745,146.41,5.4642,1.6982177248196908,62.575,79.24899999999998,16.673999999999992,YES,YES,YES,Valid
108,S2,H1,S2_H1_B04,S2_H1_B04_P1,U-FIELD,7.92,4.45,-3.47,0.438131313131313,147.32,5.5617,1.715903816924519,73.024,88.44,15.415999999999997,YES,YES,YES,Valid
109,S2,H1,S2_H1_B04,S2_H1_B04_P2,S-VR,7.53,4.09,-3.4400000000000004,0.4568393094289509,157.52,4.7675,1.5618220584924372,73.62099999999998,90.727,17.10600000000001,YES,YES,YES,Valid
110,S2,H1,S2_H1_B04,S2_H1_B04_P3,H-VR,7.98,3.84,-4.140000000000001,0.518796992481203,179.61,5.4556,1.6966426040705829,80.074,100.314,20.239999999999995,YES,YES,YES,Valid
111,S2,H1,S2_H1_B05,S2_H1_B05_P1,H-VR,7.62,3.81,-3.81,0.5,169.57,5.3015,1.6679897993837158,74.44799999999998,93.071,18.623000000000005,YES,YES,YES,Valid
112,S2,H1,S2_H1_B05,S2_H1_B05_P2,U-FIELD,7.45,4.22,-3.2300000000000004,0.4335570469798658,148.18,5.5527,1.7142842959486435,73.066,88.28,15.214,YES,YES,YES,Valid
113,S2,H1,S2_H1_B05,S2_H1_B05_P3,S-VR,7.4,3.95,-3.45,0.4662162162162162,150.48,5.2758,1.6631303266308743,77.912,95.083,17.170999999999992,YES,YES,YES,Valid
114,S2,H1,S2_H1_B06,S2_H1_B06_P1,S-VR,7.28,3.98,-3.3000000000000003,0.4532967032967033,145.57,5.8161,1.7606299340311344,68.64,83.206,14.566000000000004,YES,YES,YES,Valid
115,S2,H1,S2_H1_B06,S2_H1_B06_P2,U-FIELD,7.82,4.42,-3.4000000000000004,0.4347826086956522,147.23,5.4044,1.6872134366036668,73.977,90.271,16.293999999999997,YES,YES,YES,Valid
116,S2,H1,S2_H1_B06,S2_H1_B06_P3,H-VR,6.88,3.75,-3.13,0.4549418604651162,143.58,5.2678,1.6616128180882097,75.203,91.124,15.920999999999992,YES,YES,YES,Valid
117,S2,H1,S2_H1_B07,S2_H1_B07_P1,H-VR,7.59,3.8,-3.79,0.4993412384716732,167.87,4.9875,1.6069347822159818,75.667,95.073,19.40599999999999,YES,YES,YES,Valid
118,S2,H1,S2_H1_B07,S2_H1_B07_P2,U-FIELD,6.91,3.92,-2.99,0.4327062228654124,148.02,5.7251,1.744860016536661,71.648,86.83499999999998,15.186999999999998,YES,YES,YES,Valid
119,S2,H1,S2_H1_B07,S2_H1_B07_P3,S-VR,7.52,4.2,-3.3199999999999994,0.4414893617021276,154.86,4.9886,1.6071553092765485,83.022,100.192,17.169999999999987,YES,YES,YES,Valid
120,S2,H1,S2_H1_B08,S2_H1_B08_P1,S-VR,7.49,4.04,-3.45,0.4606141522029372,154.08,4.8337,1.5756122199500031,74.04399999999998,90.405,16.361000000000004,YES,YES,YES,Valid
121,S2,H1,S2_H1_B08,S2_H1_B08_P2,H-VR,7.44,3.79,-3.65,0.4905913978494623,162.79,5.6131,1.7251031515861484,65.203,82.464,17.260999999999996,YES,YES,YES,Valid
122,S2,H1,S2_H1_B08,S2_H1_B08_P3,U-FIELD,7.21,3.96,-3.25,0.4507628294036061,145.89,5.5805,1.7192783781136325,68.671,83.503,14.831999999999994,YES,YES,YES,Valid
123,S2,H1,S2_H1_B09,S2_H1_B09_P1,U-FIELD,7.38,4.15,-3.2299999999999995,0.4376693766937668,147.39,5.6646,1.7342362829843887,66.269,81.801,15.531999999999996,YES,YES,YES,Valid
124,S2,H1,S2_H1_B09,S2_H1_B09_P2,H-VR,7.25,3.75,-3.5,0.4827586206896551,156.44,4.8727,1.583648198247797,71.772,88.277,16.504999999999995,YES,YES,YES,Valid
125,S2,H1,S2_H1_B09,S2_H1_B09_P3,S-VR,6.73,4.02,-2.710000000000001,0.4026745913818723,128.07,4.7119,1.5500912237132212,73.86499999999998,87.07299999999998,13.207999999999998,YES,YES,YES,Valid
126,S2,H1,S2_H1_B10,S2_H1_B10_P1,U-FIELD,6.73,3.75,-2.9800000000000004,0.4427934621099554,148.24,4.8884,1.5868650515817084,75.474,91.326,15.85199999999999,YES,YES,YES,Valid
127,S2,H1,S2_H1_B10,S2_H1_B10_P2,H-VR,7.14,3.7,-3.4399999999999995,0.4817927170868346,153.4,5.2035,1.6493314760957771,67.984,83.54699999999998,15.563000000000002,YES,YES,YES,Valid
128,S2,H1,S2_H1_B10,S2_H1_B10_P3,S-VR,6.4,4.01,-2.390000000000001,0.3734375000000001,116.31,4.958,1.6010024336129989,68.309,79.991,11.682000000000002,YES,YES,YES,Valid
129,S2,H1,S2_H1_B11,S2_H1_B11_P1,U-FIELD,7.33,4.06,-3.2700000000000005,0.4461118690313779,146.47,6.2359,1.8303229151464917,68.643,84.40699999999998,15.763999999999996,YES,YES,YES,Valid
130,S2,H1,S2_H1_B11,S2_H1_B11_P2,S-VR,7.71,4.01,-3.7,0.4798962386511024,162.85,5.0965,1.6285540296263303,70.621,87.563,16.942000000000007,YES,YES,YES,Valid
131,S2,H1,S2_H1_B11,S2_H1_B11_P3,H-VR,7.13,3.74,-3.39,0.4754558204768583,152.12,5.0659,1.6225318119452583,75.7,91.143,15.442999999999998,YES,YES,YES,Valid
132,S2,H2,S2_H2_B01,S2_H2_B01_P1,H-VR,6.13,3.77,-2.36,0.3849918433931484,106.47,5.5721,1.7177720026337593,63.346,80.47799999999998,17.131999999999998,YES,YES,YES,Valid
133,S2,H2,S2_H2_B01,S2_H2_B01_P2,S-VR,7.03,3.84,-3.1900000000000004,0.4537695590327169,141.34,6.087,1.8061553495117872,69.247,91.931,22.684,YES,YES,YES,Valid
134,S2,H2,S2_H2_B01,S2_H2_B01_P3,U-FIELD,6.75,3.54,-3.21,0.4755555555555555,148.05,5.158,1.640548907459153,72.98699999999998,97.801,24.814000000000007,YES,YES,YES,Valid
135,S2,H2,S2_H2_B02,S2_H2_B02_P1,S-VR,5.95,3.92,-2.03,0.3411764705882353,98.53,5.4661,1.6985653822525402,71.707,90.015,18.308000000000007,YES,YES,YES,Valid
136,S2,H2,S2_H2_B02,S2_H2_B02_P2,H-VR,6.75,3.75,-3.0,0.4444444444444444,128.43,6.187,1.822450316548852,67.946,88.214,20.268,YES,YES,YES,Valid
137,S2,H2,S2_H2_B02,S2_H2_B02_P3,U-FIELD,6.69,3.61,-3.0800000000000005,0.4603886397608371,145.89,5.6864,1.738077358978195,73.28499999999998,96.596,23.311000000000007,YES,YES,YES,Valid
138,S2,H2,S2_H2_B03,S2_H2_B03_P1,U-FIELD,7.13,3.73,-3.4,0.4768583450210378,147.71,5.2883,1.6654968331640765,75.43399999999998,102.074,26.64,YES,YES,YES,Valid
139,S2,H2,S2_H2_B03,S2_H2_B03_P2,S-VR,7.13,3.92,-3.21,0.4502103786816269,141.44,5.7165,1.7433567299998876,68.624,91.189,22.565,YES,YES,YES,Valid
140,S2,H2,S2_H2_B03,S2_H2_B03_P3,H-VR,6.79,3.75,-3.04,0.4477172312223858,129.67,5.3756,1.6818701956907722,67.855,88.52,20.664999999999992,YES,YES,YES,Valid
141,S2,H2,S2_H2_B04,S2_H2_B04_P1,U-FIELD,6.57,3.48,-3.0900000000000003,0.4703196347031963,147.05,5.068,1.6229462624588926,75.774,100.53,24.756,YES,YES,YES,Valid
142,S2,H2,S2_H2_B04,S2_H2_B04_P2,S-VR,6.89,3.88,-3.01,0.4368650217706821,133.53,6.2938,1.839565021842454,66.131,87.554,21.423,YES,YES,YES,Valid
143,S2,H2,S2_H2_B04,S2_H2_B04_P3,H-VR,6.65,3.76,-2.890000000000001,0.4345864661654135,125.57,5.4682,1.6989494946375707,61.865,82.66599999999998,20.800999999999995,YES,YES,YES,Valid
144,S2,H2,S2_H2_B05,S2_H2_B05_P1,U-FIELD,6.06,3.25,-2.81,0.4636963696369636,147.33,5.3153,1.6705894542273476,67.899,92.118,24.218999999999998,YES,YES,YES,Valid
145,S2,H2,S2_H2_B05,S2_H2_B05_P2,H-VR,6.9,3.83,-3.0700000000000003,0.444927536231884,135.39,5.3902,1.684582489983896,63.918,86.202,22.284,YES,YES,YES,Valid
146,S2,H2,S2_H2_B05,S2_H2_B05_P3,S-VR,6.92,3.94,-2.98,0.430635838150289,135.18,5.5749,1.7182743799655775,72.004,93.794,21.789999999999992,YES,YES,YES,Valid
147,S2,H2,S2_H2_B06,S2_H2_B06_P1,U-FIELD,5.87,3.2,-2.67,0.4548551959114139,148.45,5.4832,1.7016888721382073,65.824,88.665,22.841000000000008,YES,YES,YES,Valid
148,S2,H2,S2_H2_B06,S2_H2_B06_P2,H-VR,7.02,3.72,-3.2999999999999994,0.47008547008547,139.21,5.5983,1.7224629802253986,67.872,88.527,20.655,YES,YES,YES,Valid
149,S2,H2,S2_H2_B06,S2_H2_B06_P3,S-VR,6.38,3.95,-2.43,0.3808777429467084,114.84,5.3245,1.672318810473301,72.43099999999998,91.684,19.253,YES,YES,YES,Valid
150,S2,H2,S2_H2_B07,S2_H2_B07_P1,S-VR,6.62,3.96,-2.66,0.4018126888217523,125.04,5.1283,1.6347742202472677,79.179,100.333,21.154,YES,YES,YES,Valid
151,S2,H2,S2_H2_B07,S2_H2_B07_P2,U-FIELD,7.13,3.83,-3.3,0.4628330995792426,148.49,4.9329,1.5959270504061531,74.989,98.174,23.185,YES,YES,YES,Valid
152,S2,H2,S2_H2_B07,S2_H2_B07_P3,H-VR,6.67,3.79,-2.88,0.4317841079460269,125.92,5.8588,1.767944804462015,65.565,87.447,21.882000000000005,YES,YES,YES,Valid
153,S2,H2,S2_H2_B08,S2_H2_B08_P1,H-VR,6.84,3.72,-3.12,0.4561403508771929,130.58,5.6095,1.7244615890028825,60.408,81.851,21.443,YES,YES,YES,Valid
154,S2,H2,S2_H2_B08,S2_H2_B08_P2,U-FIELD,6.28,3.35,-2.93,0.4665605095541401,148.42,5.5343,1.710965090231511,74.125,99.483,25.358000000000004,YES,YES,YES,Valid
155,S2,H2,S2_H2_B08,S2_H2_B08_P3,S-VR,6.74,3.92,-2.8200000000000003,0.4183976261127596,129.33,5.9147,1.777440777631866,67.821,88.325,20.504000000000005,YES,YES,YES,Valid
156,S2,H2,S2_H2_B09,S2_H2_B09_P1,H-VR,6.74,3.74,-3.0,0.4451038575667655,129.11,5.5285,1.7099165310003197,62.789,85.369,22.58,YES,YES,YES,Valid
157,S2,H2,S2_H2_B09,S2_H2_B09_P2,S-VR,6.68,4.04,-2.64,0.3952095808383233,124.82,5.4468,1.6950282802682832,63.919,84.354,20.435,YES,YES,YES,Valid
158,S2,H2,S2_H2_B09,S2_H2_B09_P3,U-FIELD,6.32,3.42,-2.9000000000000004,0.4588607594936709,146.96,4.6253,1.5315412337256191,66.543,90.88,24.33699999999999,YES,YES,YES,Valid
159,S2,H2,S2_H2_B10,S2_H2_B10_P1,U-FIELD,7.01,3.8,-3.21,0.4579172610556347,148.45,5.5313,1.7104228692812686,68.316,92.157,23.840999999999998,YES,YES,YES,Valid
160,S2,H2,S2_H2_B10,S2_H2_B10_P2,S-VR,6.26,3.96,-2.3,0.3674121405750798,111.4,5.9275,1.7796025389574237,71.282,89.765,18.483000000000004,YES,YES,YES,Valid
161,S2,H2,S2_H2_B10,S2_H2_B10_P3,H-VR,6.96,3.71,-3.25,0.4669540229885057,136.51,5.9942,1.790792335037849,81.821,104.788,22.967,YES,YES,YES,Valid
162,S2,H2,S2_H2_B11,S2_H2_B11_P1,H-VR,6.0,3.72,-2.28,0.3799999999999999,99.56,6.0102,1.7934580258636366,55.108,70.908,15.800000000000004,YES,YES,YES,Valid
163,S2,H2,S2_H2_B11,S2_H2_B11_P2,U-FIELD,6.04,3.29,-2.75,0.4552980132450331,148.05,5.6927,1.7391846522867525,69.471,94.425,24.953999999999997,YES,YES,YES,Valid
164,S2,H2,S2_H2_B11,S2_H2_B11_P3,S-VR,6.78,3.94,-2.8400000000000003,0.4188790560471976,130.19,5.8883,1.7729673312155692,61.561,83.421,21.860000000000007,YES,YES,YES,Valid
165,S2,H3,S2_H3_B01,S2_H3_B01_P1,H-VR,6.29,3.75,-2.54,0.4038155802861685,100.23,6.2386,1.8307557982347376,65.474,87.74899999999998,22.27499999999999,YES,YES,YES,Valid
166,S2,H3,S2_H3_B01,S2_H3_B01_P2,S-VR,5.31,3.9,-1.4099999999999997,0.2655367231638417,70.68,5.4046,1.6872504428022097,69.29,85.031,15.741,YES,YES,YES,Valid
167,S2,H3,S2_H3_B01,S2_H3_B01_P3,U-FIELD,5.74,2.94,-2.8000000000000003,0.4878048780487805,147.2,5.6227,1.7268119755837388,72.61,104.764,32.154,YES,YES,YES,Valid
168,S2,H3,S2_H3_B02,S2_H3_B02_P1,S-VR,5.98,3.76,-2.2200000000000006,0.37123745819398,99.02,5.7547,1.750016912231264,79.068,101.641,22.573000000000008,YES,YES,YES,Valid
169,S2,H3,S2_H3_B02,S2_H3_B02_P2,U-FIELD,6.02,2.94,-3.08,0.5116279069767442,148.92,5.9475,1.7829709631949755,62.239,96.017,33.778,YES,YES,YES,Valid
170,S2,H3,S2_H3_B02,S2_H3_B02_P3,H-VR,5.72,3.73,-1.99,0.3479020979020978,78.95,5.0254,1.614505052767119,72.38,88.001,15.621000000000008,YES,YES,YES,Valid
171,S2,H3,S2_H3_B03,S2_H3_B03_P1,U-FIELD,5.49,2.7,-2.79,0.5081967213114754,148.76,6.128,1.8128684324382904,59.246,93.317,34.07099999999999,YES,YES,YES,Valid
172,S2,H3,S2_H3_B03,S2_H3_B03_P2,H-VR,6.06,3.73,-2.33,0.3844884488448844,90.46,5.4677,1.698858052689428,73.91299999999998,94.517,20.604,YES,YES,YES,Valid
173,S2,H3,S2_H3_B03,S2_H3_B03_P3,S-VR,5.43,3.83,-1.5999999999999996,0.294659300184162,75.54,5.6955,1.7396763893578298,55.981,72.17499999999998,16.193999999999996,YES,YES,YES,Valid
174,S2,H3,S2_H3_B04,S2_H3_B04_P1,H-VR,5.87,3.72,-2.15,0.3662691652470186,84.51,6.0433,1.7989502203636367,67.444,86.57299999999998,19.12899999999999,YES,YES,YES,Valid
175,S2,H3,S2_H3_B04,S2_H3_B04_P2,S-VR,6.44,3.66,-2.78,0.4316770186335404,117.68,5.2057,1.6497541790955768,69.957,95.417,25.460000000000008,YES,YES,YES,Valid
176,S2,H3,S2_H3_B04,S2_H3_B04_P3,U-FIELD,5.6,2.79,-2.81,0.5017857142857142,147.58,5.2965,1.6670462250544138,74.519,106.664,32.145,YES,YES,YES,Valid
177,S2,H3,S2_H3_B05,S2_H3_B05_P1,U-FIELD,5.28,2.63,-2.6500000000000004,0.5018939393939394,149.23,6.1024,1.8086821364239627,66.379,98.09500000000001,31.715999999999998,YES,YES,YES,Valid
178,S2,H3,S2_H3_B05,S2_H3_B05_P2,S-VR,5.79,3.79,-2.0,0.3454231433506044,90.74,5.1329,1.6356708016038624,66.929,87.715,20.786,YES,YES,YES,Valid
179,S2,H3,S2_H3_B05,S2_H3_B05_P3,H-VR,5.71,3.74,-1.97,0.3450087565674255,79.2,4.8242,1.573644917935286,61.048,76.637,15.589,YES,YES,YES,Valid
180,S2,H3,S2_H3_B06,S2_H3_B06_P1,U-FIELD,6.68,3.26,-3.42,0.5119760479041916,147.83,5.6645,1.7342186293314064,62.753,95.957,33.20399999999999,YES,YES,YES,Valid
181,S2,H3,S2_H3_B06,S2_H3_B06_P2,S-VR,6.12,3.77,-2.35,0.3839869281045751,103.99,5.2471,1.657675543032588,67.965,90.135,22.17,YES,YES,YES,Valid
182,S2,H3,S2_H3_B06,S2_H3_B06_P3,H-VR,5.22,3.73,-1.4899999999999998,0.2854406130268198,59.99,6.0526,1.8004879317918947,67.651,81.437,13.786,YES,YES,YES,Valid
183,S2,H3,S2_H3_B07,S2_H3_B07_P1,U-FIELD,5.96,2.96,-3.0,0.5033557046979866,147.8,5.9622,1.7854395404832355,70.267,100.948,30.681,YES,YES,YES,Valid
184,S2,H3,S2_H3_B07,S2_H3_B07_P2,S-VR,5.42,3.88,-1.54,0.2841328413284133,74.98999999999998,5.0917,1.6276117630129647,71.819,87.9,16.081000000000003,YES,YES,YES,Valid
185,S2,H3,S2_H3_B07,S2_H3_B07_P3,H-VR,6.0,3.83,-2.17,0.3616666666666666,88.96,5.5474,1.7133293495242392,62.131,80.717,18.586,YES,YES,YES,Valid
186,S2,H3,S2_H3_B08,S2_H3_B08_P1,U-FIELD,5.21,2.55,-2.66,0.5105566218809982,148.99,5.7879,1.7557695314948998,72.60899999999998,107.137,34.528000000000006,YES,YES,YES,Valid
187,S2,H3,S2_H3_B08,S2_H3_B08_P2,S-VR,5.84,3.83,-2.01,0.3441780821917808,93.98,5.3041,1.668480106401157,71.96,92.036,20.076000000000008,YES,YES,YES,Valid
188,S2,H3,S2_H3_B08,S2_H3_B08_P3,H-VR,5.06,3.58,-1.4799999999999995,0.292490118577075,59.76,5.696,1.7397641741096743,58.108,70.888,12.780000000000008,YES,YES,YES,Valid
189,S2,H3,S2_H3_B09,S2_H3_B09_P1,U-FIELD,5.42,2.69,-2.73,0.503690036900369,148.08,6.0038,1.7923926020904717,71.186,103.87,32.684,YES,YES,YES,Valid
190,S2,H3,S2_H3_B09,S2_H3_B09_P2,H-VR,5.88,3.77,-2.11,0.358843537414966,83.49,5.4516,1.6959091435712208,57.858,75.50799999999998,17.65,YES,YES,YES,Valid
191,S2,H3,S2_H3_B09,S2_H3_B09_P3,S-VR,5.46,3.81,-1.65,0.3021978021978021,76.45,5.8965,1.7743589545478875,69.16,86.649,17.489000000000004,YES,YES,YES,Valid
192,S2,H3,S2_H3_B10,S2_H3_B10_P1,H-VR,5.8,3.75,-2.05,0.3534482758620689,80.84999999999998,6.0557,1.800999977259505,68.791,86.45399999999998,17.662999999999997,YES,YES,YES,Valid
193,S2,H3,S2_H3_B10,S2_H3_B10_P2,S-VR,5.97,3.72,-2.25,0.3768844221105527,98.01,5.7824,1.7548188214157725,60.155,83.35299999999998,23.197999999999997,YES,YES,YES,Valid
194,S2,H3,S2_H3_B10,S2_H3_B10_P3,U-FIELD,5.77,2.87,-2.8999999999999995,0.5025996533795493,147.61,5.6829,1.7374616658202058,66.136,99.444,33.30800000000001,YES,YES,YES,Valid
195,S2,H3,S2_H3_B11,S2_H3_B11_P1,H-VR,5.96,3.71,-2.25,0.3775167785234899,87.8,6.0821,1.805350031079887,68.179,86.477,18.298,YES,YES,YES,Valid
196,S2,H3,S2_H3_B11,S2_H3_B11_P2,S-VR,5.8,3.77,-2.03,0.35,92.04,5.7887,1.7559077413322053,74.012,94.281,20.269000000000005,YES,YES,YES,Valid
197,S2,H3,S2_H3_B11,S2_H3_B11_P3,U-FIELD,5.79,2.89,-2.9,0.5008635578583764,147.98,5.8644,1.7689001750819724,60.697,92.116,31.419,YES,YES,YES,Valid
